#≠VALOR!;;;;;#≠VALOR!;;
;;;;;;;
;;;;;;;
;;;;;;;
;;;;;;;
Codificaci¢n de la Divisi¢n Pol°tico Administrativa de Colombia - DIVIPOLA junio 2025;;;;;;;
;;;;;;;
Municipios;;;;;;;
;;;;;;;
Departamento;;Municipio;;Tipo;Localizaci¢n;;
C¢digo;Nombre; C¢digo ; Nombre ;"Municipio
Isla
?rea no municipalizada";Longitud;Latitud;
05;ANTIOQUIA;05001;MEDELL?N;Municipio;-75,581775;6,246631;
05;ANTIOQUIA;05002;ABEJORRAL;Municipio;-75,428739;5,789315;
05;ANTIOQUIA;05004;ABRIAQU?;Municipio;-76,064304;6,632282;
05;ANTIOQUIA;05021;ALEJANDR?A;Municipio;-75,141346;6,376061;
05;ANTIOQUIA;05030;AMAG?;Municipio;-75,702188;6,038708;
05;ANTIOQUIA;05031;AMALFI;Municipio;-75,077501;6,909655;
05;ANTIOQUIA;05034;ANDES;Municipio;-75,878828;5,657194;
05;ANTIOQUIA;05036;ANGEL?POLIS;Municipio;-75,711389;6,109719;
05;ANTIOQUIA;05038;ANGOSTURA;Municipio;-75,335116;6,885175;
05;ANTIOQUIA;05040;ANOR?;Municipio;-75,148355;7,074703;
05;ANTIOQUIA;05042;SANTA Fê DE ANTIOQUIA;Municipio;-75,826648;6,556484;
05;ANTIOQUIA;05044;ANZ?;Municipio;-75,854442;6,302641;
05;ANTIOQUIA;05045;APARTAD?;Municipio;-76,625279;7,882968;
05;ANTIOQUIA;05051;ARBOLETES;Municipio;-76,426708;8,849317;
05;ANTIOQUIA;05055;ARGELIA;Municipio;-75,14107;5,731474;
05;ANTIOQUIA;05059;ARMENIA;Municipio;-75,786647;6,155667;
05;ANTIOQUIA;05079;BARBOSA;Municipio;-75,331627;6,439195;
05;ANTIOQUIA;05086;BELMIRA;Municipio;-75,667779;6,606319;
05;ANTIOQUIA;05088;BELLO;Municipio;-75,555245;6,333587;
05;ANTIOQUIA;05091;BETANIA;Municipio;-75,97679;5,74615;
05;ANTIOQUIA;05093;BETULIA;Municipio;-75,984452;6,115208;
05;ANTIOQUIA;05101;CIUDAD BOL?VAR;Municipio;-76,021509;5,850273;
05;ANTIOQUIA;05107;BRICE•O;Municipio;-75,55036;7,112803;
05;ANTIOQUIA;05113;BURITIC?;Municipio;-75,907;6,720759;
05;ANTIOQUIA;05120;C?CERES;Municipio;-75,35205;7,578366;
05;ANTIOQUIA;05125;CAICEDO;Municipio;-75,98293;6,405607;
05;ANTIOQUIA;05129;CALDAS;Municipio;-75,633673;6,091077;
05;ANTIOQUIA;05134;CAMPAMENTO;Municipio;-75,298091;6,979771;
05;ANTIOQUIA;05138;CA•ASGORDAS;Municipio;-76,028228;6,753859;
05;ANTIOQUIA;05142;CARACOL?;Municipio;-74,757421;6,409829;
05;ANTIOQUIA;05145;CARAMANTA;Municipio;-75,643868;5,54853;
05;ANTIOQUIA;05147;CAREPA;Municipio;-76,652652;7,755148;
05;ANTIOQUIA;05148;EL CARMEN DE VIBORAL;Municipio;-75,333901;6,082885;
05;ANTIOQUIA;05150;CAROLINA;Municipio;-75,283192;6,725995;
05;ANTIOQUIA;05154;CAUCASIA;Municipio;-75,197996;7,977278;
05;ANTIOQUIA;05172;CHIGOROD?;Municipio;-76,681531;7,666147;
05;ANTIOQUIA;05190;CISNEROS;Municipio;-75,087047;6,537829;
05;ANTIOQUIA;05197;COCORN?;Municipio;-75,185483;6,058295;
05;ANTIOQUIA;05206;CONCEPCI?N;Municipio;-75,257587;6,394348;
05;ANTIOQUIA;05209;CONCORDIA;Municipio;-75,908448;6,045738;
05;ANTIOQUIA;05212;COPACABANA;Municipio;-75,509384;6,348557;
05;ANTIOQUIA;05234;DABEIBA;Municipio;-76,261614;6,998112;
05;ANTIOQUIA;05237;DONMAT?AS;Municipio;-75,39263;6,485603;
05;ANTIOQUIA;05240;EBêJICO;Municipio;-75,766413;6,325615;
05;ANTIOQUIA;05250;EL BAGRE;Municipio;-74,799097;7,5975;
05;ANTIOQUIA;05264;ENTRERR?OS;Municipio;-75,517685;6,566273;
05;ANTIOQUIA;05266;ENVIGADO;Municipio;-75,582192;6,166695;
05;ANTIOQUIA;05282;FREDONIA;Municipio;-75,675072;5,928039;
05;ANTIOQUIA;05284;FRONTINO;Municipio;-76,130765;6,776066;
05;ANTIOQUIA;05306;GIRALDO;Municipio;-75,952158;6,680808;
05;ANTIOQUIA;05308;GIRARDOTA;Municipio;-75,444238;6,379472;
05;ANTIOQUIA;05310;G?MEZ PLATA;Municipio;-75,220018;6,683269;
05;ANTIOQUIA;05313;GRANADA;Municipio;-75,184446;6,142892;
05;ANTIOQUIA;05315;GUADALUPE;Municipio;-75,239862;6,815069;
05;ANTIOQUIA;05318;GUARNE;Municipio;-75,441612;6,27787;
05;ANTIOQUIA;05321;GUATAPê;Municipio;-75,160041;6,232461;
05;ANTIOQUIA;05347;HELICONIA;Municipio;-75,734322;6,206757;
05;ANTIOQUIA;05353;HISPANIA;Municipio;-75,906587;5,799461;
05;ANTIOQUIA;05360;ITAGö?;Municipio;-75,612056;6,175079;
05;ANTIOQUIA;05361;ITUANGO;Municipio;-75,764673;7,171629;
05;ANTIOQUIA;05364;JARD?N;Municipio;-75,818982;5,597542;
05;ANTIOQUIA;05368;JERIC?;Municipio;-75,785499;5,789748;
05;ANTIOQUIA;05376;LA CEJA;Municipio;-75,429433;6,028062;
05;ANTIOQUIA;05380;LA ESTRELLA;Municipio;-75,637708;6,145238;
05;ANTIOQUIA;05390;LA PINTADA;Municipio;-75,60781;5,743808;
05;ANTIOQUIA;05400;LA UNI?N;Municipio;-75,360874;5,973845;
05;ANTIOQUIA;05411;LIBORINA;Municipio;-75,812838;6,677316;
05;ANTIOQUIA;05425;MACEO;Municipio;-74,78716;6,552116;
05;ANTIOQUIA;05440;MARINILLA;Municipio;-75,339345;6,173995;
05;ANTIOQUIA;05467;MONTEBELLO;Municipio;-75,523455;5,946313;
05;ANTIOQUIA;05475;MURIND?;Municipio;-76,817485;6,97771;
05;ANTIOQUIA;05480;MUTAT?;Municipio;-76,435875;7,242875;
05;ANTIOQUIA;05483;NARI•O;Municipio;-75,176262;5,610777;
05;ANTIOQUIA;05490;NECOCL?;Municipio;-76,787271;8,434526;
05;ANTIOQUIA;05495;NECH?;Municipio;-74,77647;8,094129;
05;ANTIOQUIA;05501;OLAYA;Municipio;-75,811773;6,626492;
05;ANTIOQUIA;05541;PE•OL;Municipio;-75,242693;6,219349;
05;ANTIOQUIA;05543;PEQUE;Municipio;-75,910357;7,021029;
05;ANTIOQUIA;05576;PUEBLORRICO;Municipio;-75,839903;5,79158;
05;ANTIOQUIA;05579;PUERTO BERR?O;Municipio;-74,410016;6,487028;
05;ANTIOQUIA;05585;PUERTO NARE;Municipio;-74,583012;6,186025;
05;ANTIOQUIA;05591;PUERTO TRIUNFO;Municipio;-74,64119;5,871318;
05;ANTIOQUIA;05604;REMEDIOS;Municipio;-74,698135;7,029424;
05;ANTIOQUIA;05607;RETIRO;Municipio;-75,501301;6,062454;
05;ANTIOQUIA;05615;RIONEGRO;Municipio;-75,377316;6,147148;
05;ANTIOQUIA;05628;SABANALARGA;Municipio;-75,816645;6,850028;
05;ANTIOQUIA;05631;SABANETA;Municipio;-75,615479;6,149903;
05;ANTIOQUIA;05642;SALGAR;Municipio;-75,976807;5,964198;
05;ANTIOQUIA;05647;SAN ANDRêS DE CUERQU?A;Municipio;-75,674564;6,916676;
05;ANTIOQUIA;05649;SAN CARLOS;Municipio;-74,988097;6,187746;
05;ANTIOQUIA;05652;SAN FRANCISCO;Municipio;-75,101562;5,963476;
05;ANTIOQUIA;05656;SAN JER?NIMO;Municipio;-75,726975;6,44809;
05;ANTIOQUIA;05658;SAN JOSê DE LA MONTA•A;Municipio;-75,683352;6,85009;
05;ANTIOQUIA;05659;SAN JUAN DE URAB?;Municipio;-76,52857;8,758964;
05;ANTIOQUIA;05660;SAN LUIS;Municipio;-74,993619;6,043017;
05;ANTIOQUIA;05664;SAN PEDRO DE LOS MILAGROS;Municipio;-75,556743;6,46012;
05;ANTIOQUIA;05665;SAN PEDRO DE URAB?;Municipio;-76,380567;8,276884;
05;ANTIOQUIA;05667;SAN RAFAEL;Municipio;-75,02849;6,293759;
05;ANTIOQUIA;05670;SAN ROQUE;Municipio;-75,019109;6,485939;
05;ANTIOQUIA;05674;SAN VICENTE FERRER;Municipio;-75,332616;6,282164;
05;ANTIOQUIA;05679;SANTA B?RBARA;Municipio;-75,567351;5,875527;
05;ANTIOQUIA;05686;SANTA ROSA DE OSOS;Municipio;-75,460723;6,643366;
05;ANTIOQUIA;05690;SANTO DOMINGO;Municipio;-75,164903;6,473032;
05;ANTIOQUIA;05697;EL SANTUARIO;Municipio;-75,265465;6,136871;
05;ANTIOQUIA;05736;SEGOVIA;Municipio;-74,701596;7,079648;
05;ANTIOQUIA;05756;SONS?N;Municipio;-75,309596;5,714851;
05;ANTIOQUIA;05761;SOPETR?N;Municipio;-75,747378;6,500745;
05;ANTIOQUIA;05789;T?MESIS;Municipio;-75,714429;5,664645;
05;ANTIOQUIA;05790;TARAZ?;Municipio;-75,401407;7,580127;
05;ANTIOQUIA;05792;TARSO;Municipio;-75,822956;5,864542;
05;ANTIOQUIA;05809;TITIRIB?;Municipio;-75,791887;6,062391;
05;ANTIOQUIA;05819;TOLEDO;Municipio;-75,692281;7,010328;
05;ANTIOQUIA;05837;TURBO;Municipio;-76,728858;8,089929;
05;ANTIOQUIA;05842;URAMITA;Municipio;-76,173284;6,898393;
05;ANTIOQUIA;05847;URRAO;Municipio;-76,133951;6,317343;
05;ANTIOQUIA;05854;VALDIVIA;Municipio;-75,439274;7,1652;
05;ANTIOQUIA;05856;VALPARA?SO;Municipio;-75,624452;5,614555;
05;ANTIOQUIA;05858;VEGACH?;Municipio;-74,798714;6,773525;
05;ANTIOQUIA;05861;VENECIA;Municipio;-75,735544;5,964693;
05;ANTIOQUIA;05873;VIG?A DEL FUERTE;Municipio;-76,896004;6,588164;
05;ANTIOQUIA;05885;YAL?;Municipio;-74,840059;6,676554;
05;ANTIOQUIA;05887;YARUMAL;Municipio;-75,418828;6,963832;
05;ANTIOQUIA;05890;YOLOMB?;Municipio;-75,013385;6,594511;
05;ANTIOQUIA;05893;YOND?;Municipio;-73,912445;7,00396;
05;ANTIOQUIA;05895;ZARAGOZA;Municipio;-74,867075;7,488583;
08;ATL?NTICO;08001;BARRANQUILLA;Municipio;-74,815546;10,977961;
08;ATL?NTICO;08078;BARANOA;Municipio;-74,916077;10,79445;
08;ATL?NTICO;08137;CAMPO DE LA CRUZ;Municipio;-74,880847;10,378291;
08;ATL?NTICO;08141;CANDELARIA;Municipio;-74,879717;10,461903;
08;ATL?NTICO;08296;GALAPA;Municipio;-74,870385;10,919033;
08;ATL?NTICO;08372;JUAN DE ACOSTA;Municipio;-75,041032;10,83254;
08;ATL?NTICO;08421;LURUACO;Municipio;-75,14199;10,610491;
08;ATL?NTICO;08433;MALAMBO;Municipio;-74,776923;10,857086;
08;ATL?NTICO;08436;MANAT?;Municipio;-74,956867;10,449089;
08;ATL?NTICO;08520;PALMAR DE VARELA;Municipio;-74,754765;10,738591;
08;ATL?NTICO;08549;PIOJ?;Municipio;-75,107592;10,749216;
08;ATL?NTICO;08558;POLONUEVO;Municipio;-74,852981;10,777363;
08;ATL?NTICO;08560;PONEDERA;Municipio;-74,753885;10,641779;
08;ATL?NTICO;08573;PUERTO COLOMBIA;Municipio;-74,888627;11,015322;
08;ATL?NTICO;08606;REPEL?N;Municipio;-75,125534;10,493357;
08;ATL?NTICO;08634;SABANAGRANDE;Municipio;-74,759496;10,792453;
08;ATL?NTICO;08638;SABANALARGA;Municipio;-74,921256;10,632091;
08;ATL?NTICO;08675;SANTA LUC?A;Municipio;-74,959204;10,324303;
08;ATL?NTICO;08685;SANTO TOM?S;Municipio;-74,757859;10,758735;
08;ATL?NTICO;08758;SOLEDAD;Municipio;-74,786054;10,909921;
08;ATL?NTICO;08770;SUAN;Municipio;-74,881687;10,335432;
08;ATL?NTICO;08832;TUBAR?;Municipio;-74,978704;10,873586;
08;ATL?NTICO;08849;USIACUR?;Municipio;-74,976985;10,74298;
11;BOGOT?, D.C.;11001;BOGOT?, D.C.;Municipio;-74,106992;4,649251;
13;BOL?VAR;13001;CARTAGENA DE INDIAS;Municipio;-75,496269;10,385126;
13;BOL?VAR;13006;ACH?;Municipio;-74,557676;8,570107;
13;BOL?VAR;13030;ALTOS DEL ROSARIO;Municipio;-74,164905;8,791865;
13;BOL?VAR;13042;ARENAL;Municipio;-73,941099;8,458865;
13;BOL?VAR;13052;ARJONA;Municipio;-75,344332;10,25666;
13;BOL?VAR;13062;ARROYOHONDO;Municipio;-75,019215;10,250075;
13;BOL?VAR;13074;BARRANCO DE LOBA;Municipio;-74,104391;8,947787;
13;BOL?VAR;13140;CALAMAR;Municipio;-74,916144;10,250431;
13;BOL?VAR;13160;CANTAGALLO;Municipio;-73,914605;7,378678;
13;BOL?VAR;13188;CICUCO;Municipio;-74,645981;9,274281;
13;BOL?VAR;13212;C?RDOBA;Municipio;-74,827399;9,586942;
13;BOL?VAR;13222;CLEMENCIA;Municipio;-75,328469;10,567452;
13;BOL?VAR;13244;EL CARMEN DE BOL?VAR;Municipio;-75,121178;9,718653;
13;BOL?VAR;13248;EL GUAMO;Municipio;-74,976084;10,030958;
13;BOL?VAR;13268;EL PE•?N;Municipio;-73,949274;8,988271;
13;BOL?VAR;13300;HATILLO DE LOBA;Municipio;-74,077912;8,956014;
13;BOL?VAR;13430;MAGANGUê;Municipio;-74,766742;9,263799;
13;BOL?VAR;13433;MAHATES;Municipio;-75,191643;10,233285;
13;BOL?VAR;13440;MARGARITA;Municipio;-74,285137;9,15784;
13;BOL?VAR;13442;MAR?A LA BAJA;Municipio;-75,300516;9,982402;
13;BOL?VAR;13458;MONTECRISTO;Municipio;-74,471176;8,297234;
13;BOL?VAR;13468;SANTA CRUZ DE MOMPOX;Municipio;-74,42818;9,244241;
13;BOL?VAR;13473;MORALES;Municipio;-73,868172;8,276558;
13;BOL?VAR;13490;NOROS?;Municipio;-74,038003;8,526259;
13;BOL?VAR;13549;PINILLOS;Municipio;-74,462279;8,914947;
13;BOL?VAR;13580;REGIDOR;Municipio;-73,821638;8,666258;
13;BOL?VAR;13600;R?O VIEJO;Municipio;-73,840466;8,58795;
13;BOL?VAR;13620;SAN CRIST?BAL;Municipio;-75,065076;10,392836;
13;BOL?VAR;13647;SAN ESTANISLAO;Municipio;-75,153101;10,398602;
13;BOL?VAR;13650;SAN FERNANDO;Municipio;-74,323811;9,214183;
13;BOL?VAR;13654;SAN JACINTO;Municipio;-75,12105;9,830275;
13;BOL?VAR;13655;SAN JACINTO DEL CAUCA;Municipio;-74,721156;8,25158;
13;BOL?VAR;13657;SAN JUAN NEPOMUCENO;Municipio;-75,081761;9,953751;
13;BOL?VAR;13667;SAN MART?N DE LOBA;Municipio;-74,039134;8,937485;
13;BOL?VAR;13670;SAN PABLO;Municipio;-73,924602;7,476747;
13;BOL?VAR;13673;SANTA CATALINA;Municipio;-75,287855;10,605294;
13;BOL?VAR;13683;SANTA ROSA;Municipio;-75,369824;10,444396;
13;BOL?VAR;13688;SANTA ROSA DEL SUR;Municipio;-74,052243;7,963938;
13;BOL?VAR;13744;SIMIT?;Municipio;-73,947264;7,953916;
13;BOL?VAR;13760;SOPLAVIENTO;Municipio;-75,136404;10,38839;
13;BOL?VAR;13780;TALAIGUA NUEVO;Municipio;-74,567479;9,30403;
13;BOL?VAR;13810;TIQUISIO;Municipio;-74,262922;8,558666;
13;BOL?VAR;13836;TURBACO;Municipio;-75,427249;10,348316;
13;BOL?VAR;13838;TURBAN?;Municipio;-75,44265;10,274585;
13;BOL?VAR;13873;VILLANUEVA;Municipio;-75,275613;10,444089;
13;BOL?VAR;13894;ZAMBRANO;Municipio;-74,817879;9,746306;
15;BOYAC?;15001;TUNJA;Municipio;-73,355539;5,53988;
15;BOYAC?;15022;ALMEIDA;Municipio;-73,378933;4,970857;
15;BOYAC?;15047;AQUITANIA;Municipio;-72,88399;5,518602;
15;BOYAC?;15051;ARCABUCO;Municipio;-73,437503;5,755673;
15;BOYAC?;15087;BELêN;Municipio;-72,911641;5,98923;
15;BOYAC?;15090;BERBEO;Municipio;-73,12721;5,227451;
15;BOYAC?;15092;BETêITIVA;Municipio;-72,809014;5,909978;
15;BOYAC?;15097;BOAVITA;Municipio;-72,584905;6,330703;
15;BOYAC?;15104;BOYAC?;Municipio;-73,361945;5,454578;
15;BOYAC?;15106;BRICE•O;Municipio;-73,92326;5,690879;
15;BOYAC?;15109;BUENAVISTA;Municipio;-73,94217;5,512594;
15;BOYAC?;15114;BUSBANZ?;Municipio;-72,884158;5,831393;
15;BOYAC?;15131;CALDAS;Municipio;-73,865553;5,55458;
15;BOYAC?;15135;CAMPOHERMOSO;Municipio;-73,104173;5,031676;
15;BOYAC?;15162;CERINZA;Municipio;-72,947918;5,955939;
15;BOYAC?;15172;CHINAVITA;Municipio;-73,368476;5,167486;
15;BOYAC?;15176;CHIQUINQUIR?;Municipio;-73,818745;5,61379;
15;BOYAC?;15180;CHISCAS;Municipio;-72,500957;6,553136;
15;BOYAC?;15183;CHITA;Municipio;-72,471892;6,187083;
15;BOYAC?;15185;CHITARAQUE;Municipio;-73,4471;6,027425;
15;BOYAC?;15187;CHIVAT?;Municipio;-73,282529;5,558949;
15;BOYAC?;15189;CIêNEGA;Municipio;-73,296049;5,408694;
15;BOYAC?;15204;C?MBITA;Municipio;-73,323957;5,634545;
15;BOYAC?;15212;COPER;Municipio;-74,045636;5,475074;
15;BOYAC?;15215;CORRALES;Municipio;-72,844795;5,828064;
15;BOYAC?;15218;COVARACH?A;Municipio;-72,738978;6,500177;
15;BOYAC?;15223;CUBAR?;Municipio;-72,107939;6,997275;
15;BOYAC?;15224;CUCAITA;Municipio;-73,454338;5,544452;
15;BOYAC?;15226;CU?TIVA;Municipio;-72,965923;5,580367;
15;BOYAC?;15232;CH?QUIZA;Municipio;-73,449463;5,639834;
15;BOYAC?;15236;CHIVOR;Municipio;-73,368398;4,888173;
15;BOYAC?;15238;DUITAMA;Municipio;-73,03063;5,822964;
15;BOYAC?;15244;EL COCUY;Municipio;-72,444537;6,407738;
15;BOYAC?;15248;EL ESPINO;Municipio;-72,497007;6,483027;
15;BOYAC?;15272;FIRAVITOBA;Municipio;-72,993392;5,668885;
15;BOYAC?;15276;FLORESTA;Municipio;-72,918111;5,859519;
15;BOYAC?;15293;GACHANTIV?;Municipio;-73,549092;5,751891;
15;BOYAC?;15296;G?MEZA;Municipio;-72,80553;5,802333;
15;BOYAC?;15299;GARAGOA;Municipio;-73,364413;5,083234;
15;BOYAC?;15317;GUACAMAYAS;Municipio;-72,500812;6,459667;
15;BOYAC?;15322;GUATEQUE;Municipio;-73,471207;5,007321;
15;BOYAC?;15325;GUAYAT?;Municipio;-73,489698;4,967122;
15;BOYAC?;15332;GöIC?N DE LA SIERRA;Municipio;-72,411763;6,462864;
15;BOYAC?;15362;IZA;Municipio;-72,979559;5,611577;
15;BOYAC?;15367;JENESANO;Municipio;-73,363738;5,385813;
15;BOYAC?;15368;JERIC?;Municipio;-72,571122;6,145735;
15;BOYAC?;15377;LABRANZAGRANDE;Municipio;-72,57777;5,562687;
15;BOYAC?;15380;LA CAPILLA;Municipio;-73,444347;5,095687;
15;BOYAC?;15401;LA VICTORIA;Municipio;-74,234393;5,523792;
15;BOYAC?;15403;LA UVITA;Municipio;-72,559982;6,31616;
15;BOYAC?;15407;VILLA DE LEYVA;Municipio;-73,524948;5,632455;
15;BOYAC?;15425;MACANAL;Municipio;-73,319593;4,972464;
15;BOYAC?;15442;MARIP?;Municipio;-74,00405;5,550091;
15;BOYAC?;15455;MIRAFLORES;Municipio;-73,14563;5,196515;
15;BOYAC?;15464;MONGUA;Municipio;-72,79809;5,754242;
15;BOYAC?;15466;MONGU?;Municipio;-72,849292;5,723486;
15;BOYAC?;15469;MONIQUIR?;Municipio;-73,573374;5,876331;
15;BOYAC?;15476;MOTAVITA;Municipio;-73,367841;5,5777;
15;BOYAC?;15480;MUZO;Municipio;-74,10269;5,532758;
15;BOYAC?;15491;NOBSA;Municipio;-72,937042;5,768046;
15;BOYAC?;15494;NUEVO COL?N;Municipio;-73,456759;5,355317;
15;BOYAC?;15500;OICAT?;Municipio;-73,308399;5,595235;
15;BOYAC?;15507;OTANCHE;Municipio;-74,180965;5,657536;
15;BOYAC?;15511;PACHAVITA;Municipio;-73,396953;5,140065;
15;BOYAC?;15514;P?EZ;Municipio;-73,052737;5,097319;
15;BOYAC?;15516;PAIPA;Municipio;-73,11782;5,779894;
15;BOYAC?;15518;PAJARITO;Municipio;-72,703231;5,293783;
15;BOYAC?;15522;PANQUEBA;Municipio;-72,459424;6,443416;
15;BOYAC?;15531;PAUNA;Municipio;-73,978449;5,656323;
15;BOYAC?;15533;PAYA;Municipio;-72,423775;5,625699;
15;BOYAC?;15537;PAZ DE R?O;Municipio;-72,749137;5,987645;
15;BOYAC?;15542;PESCA;Municipio;-73,050872;5,558808;
15;BOYAC?;15550;PISBA;Municipio;-72,486023;5,72141;
15;BOYAC?;15572;PUERTO BOYAC?;Municipio;-74,587782;5,976646;
15;BOYAC?;15580;QU?PAMA;Municipio;-74,180033;5,52055;
15;BOYAC?;15599;RAMIRIQU?;Municipio;-73,334839;5,400303;
15;BOYAC?;15600;R?QUIRA;Municipio;-73,632543;5,539136;
15;BOYAC?;15621;ROND?N;Municipio;-73,208474;5,357378;
15;BOYAC?;15632;SABOY?;Municipio;-73,764456;5,697756;
15;BOYAC?;15638;S?CHICA;Municipio;-73,542539;5,584305;
15;BOYAC?;15646;SAMAC?;Municipio;-73,485589;5,492161;
15;BOYAC?;15660;SAN EDUARDO;Municipio;-73,077747;5,22401;
15;BOYAC?;15664;SAN JOSê DE PARE;Municipio;-73,545397;6,018924;
15;BOYAC?;15667;SAN LUIS DE GACENO;Municipio;-73,168076;4,81976;
15;BOYAC?;15673;SAN MATEO;Municipio;-72,555264;6,401683;
15;BOYAC?;15676;SAN MIGUEL DE SEMA;Municipio;-73,722009;5,518083;
15;BOYAC?;15681;SAN PABLO DE BORBUR;Municipio;-74,069963;5,650743;
15;BOYAC?;15686;SANTANA;Municipio;-73,481639;6,056866;
15;BOYAC?;15690;SANTA MAR?A;Municipio;-73,263518;4,857193;
15;BOYAC?;15693;SANTA ROSA DE VITERBO;Municipio;-72,982461;5,874547;
15;BOYAC?;15696;SANTA SOF?A;Municipio;-73,602707;5,713269;
15;BOYAC?;15720;SATIVANORTE;Municipio;-72,708458;6,131132;
15;BOYAC?;15723;SATIVASUR;Municipio;-72,712435;6,093183;
15;BOYAC?;15740;SIACHOQUE;Municipio;-73,24466;5,511811;
15;BOYAC?;15753;SOAT?;Municipio;-72,684051;6,331945;
15;BOYAC?;15755;SOCOT?;Municipio;-72,636653;6,041162;
15;BOYAC?;15757;SOCHA;Municipio;-72,691963;5,996717;
15;BOYAC?;15759;SOGAMOSO;Municipio;-72,924355;5,723976;
15;BOYAC?;15761;SOMONDOCO;Municipio;-73,433393;4,985726;
15;BOYAC?;15762;SORA;Municipio;-73,450153;5,56684;
15;BOYAC?;15763;SOTAQUIR?;Municipio;-73,246585;5,764986;
15;BOYAC?;15764;SORAC?;Municipio;-73,332804;5,500898;
15;BOYAC?;15774;SUSAC?N;Municipio;-72,690289;6,230332;
15;BOYAC?;15776;SUTAMARCH?N;Municipio;-73,620536;5,619781;
15;BOYAC?;15778;SUTATENZA;Municipio;-73,452317;5,022989;
15;BOYAC?;15790;TASCO;Municipio;-72,781011;5,909821;
15;BOYAC?;15798;TENZA;Municipio;-73,421176;5,076781;
15;BOYAC?;15804;TIBAN?;Municipio;-73,396457;5,317251;
15;BOYAC?;15806;TIBASOSA;Municipio;-72,999449;5,74723;
15;BOYAC?;15808;TINJAC?;Municipio;-73,646847;5,579713;
15;BOYAC?;15810;TIPACOQUE;Municipio;-72,691729;6,419203;
15;BOYAC?;15814;TOCA;Municipio;-73,184794;5,566464;
15;BOYAC?;15816;TOGö?;Municipio;-73,513655;5,937438;
15;BOYAC?;15820;T?PAGA;Municipio;-72,832245;5,768201;
15;BOYAC?;15822;TOTA;Municipio;-72,985898;5,560497;
15;BOYAC?;15832;TUNUNGU?;Municipio;-73,933155;5,730582;
15;BOYAC?;15835;TURMEQUê;Municipio;-73,491825;5,323261;
15;BOYAC?;15837;TUTA;Municipio;-73,230285;5,689082;
15;BOYAC?;15839;TUTAZ?;Municipio;-72,856035;6,032608;
15;BOYAC?;15842;?MBITA;Municipio;-73,456917;5,221176;
15;BOYAC?;15861;VENTAQUEMADA;Municipio;-73,522368;5,368739;
15;BOYAC?;15879;VIRACACH?;Municipio;-73,296894;5,436833;
15;BOYAC?;15897;ZETAQUIRA;Municipio;-73,17098;5,283443;
17;CALDAS;17001;MANIZALES;Municipio;-75,491025;5,057657;
17;CALDAS;17013;AGUADAS;Municipio;-75,45487;5,610244;
17;CALDAS;17042;ANSERMA;Municipio;-75,784343;5,236471;
17;CALDAS;17050;ARANZAZU;Municipio;-75,49129;5,271195;
17;CALDAS;17088;BELALC?ZAR;Municipio;-75,811918;4,993785;
17;CALDAS;17174;CHINCHIN?;Municipio;-75,607529;4,985227;
17;CALDAS;17272;FILADELFIA;Municipio;-75,562474;5,297091;
17;CALDAS;17380;LA DORADA;Municipio;-74,668819;5,460834;
17;CALDAS;17388;LA MERCED;Municipio;-75,546486;5,39647;
17;CALDAS;17433;MANZANARES;Municipio;-75,152829;5,255699;
17;CALDAS;17442;MARMATO;Municipio;-75,600049;5,47422;
17;CALDAS;17444;MARQUETALIA;Municipio;-75,053097;5,297525;
17;CALDAS;17446;MARULANDA;Municipio;-75,259721;5,284304;
17;CALDAS;17486;NEIRA;Municipio;-75,520006;5,166895;
17;CALDAS;17495;NORCASIA;Municipio;-74,889543;5,574796;
17;CALDAS;17513;P?CORA;Municipio;-75,459621;5,527172;
17;CALDAS;17524;PALESTINA;Municipio;-75,624577;5,017879;
17;CALDAS;17541;PENSILVANIA;Municipio;-75,160299;5,383281;
17;CALDAS;17614;RIOSUCIO;Municipio;-75,702104;5,423673;
17;CALDAS;17616;RISARALDA;Municipio;-75,76722;5,164509;
17;CALDAS;17653;SALAMINA;Municipio;-75,487223;5,403025;
17;CALDAS;17662;SAMAN?;Municipio;-74,992263;5,41308;
17;CALDAS;17665;SAN JOSê;Municipio;-75,792063;5,08231;
17;CALDAS;17777;SUP?A;Municipio;-75,64966;5,446843;
17;CALDAS;17867;VICTORIA;Municipio;-74,911239;5,317437;
17;CALDAS;17873;VILLAMAR?A;Municipio;-75,502487;5,038925;
17;CALDAS;17877;VITERBO;Municipio;-75,87061;5,062664;
18;CAQUET?;18001;FLORENCIA;Municipio;-75,609831;1,618196;
18;CAQUET?;18029;ALBANIA;Municipio;-75,878375;1,328526;
18;CAQUET?;18094;BELêN DE LOS ANDAQU?ES;Municipio;-75,872405;1,415812;
18;CAQUET?;18150;CARTAGENA DEL CHAIR?;Municipio;-74,847867;1,332371;
18;CAQUET?;18205;CURILLO;Municipio;-75,919205;1,033473;
18;CAQUET?;18247;EL DONCELLO;Municipio;-75,283631;1,679951;
18;CAQUET?;18256;EL PAUJ?L;Municipio;-75,326093;1,570226;
18;CAQUET?;18410;LA MONTA•ITA;Municipio;-75,436408;1,479173;
18;CAQUET?;18460;MIL?N;Municipio;-75,506926;1,29021;
18;CAQUET?;18479;MORELIA;Municipio;-75,724146;1,486611;
18;CAQUET?;18592;PUERTO RICO;Municipio;-75,157604;1,909063;
18;CAQUET?;18610;SAN JOSê DEL FRAGUA;Municipio;-75,973796;1,330266;
18;CAQUET?;18753;SAN VICENTE DEL CAGU?N;Municipio;-74,767894;2,119413;
18;CAQUET?;18756;SOLANO;Municipio;-75,253702;0,699077;
18;CAQUET?;18785;SOLITA;Municipio;-75,619902;0,87654;
18;CAQUET?;18860;VALPARA?SO;Municipio;-75,70671;1,194619;
19;CAUCA;19001;POPAY?N;Municipio;-76,599377;2,459641;
19;CAUCA;19022;ALMAGUER;Municipio;-76,85607;1,913429;
19;CAUCA;19050;ARGELIA;Municipio;-77,24905;2,257427;
19;CAUCA;19075;BALBOA;Municipio;-77,215773;2,040998;
19;CAUCA;19100;BOL?VAR;Municipio;-76,966215;1,837538;
19;CAUCA;19110;BUENOS AIRES;Municipio;-76,642238;3,015382;
19;CAUCA;19130;CAJIB?O;Municipio;-76,570682;2,623371;
19;CAUCA;19137;CALDONO;Municipio;-76,484319;2,798059;
19;CAUCA;19142;CALOTO;Municipio;-76,408941;3,034531;
19;CAUCA;19212;CORINTO;Municipio;-76,261866;3,173854;
19;CAUCA;19256;EL TAMBO;Municipio;-76,810911;2,451409;
19;CAUCA;19290;FLORENCIA;Municipio;-77,072547;1,682535;
19;CAUCA;19300;GUACHENê;Municipio;-76,392189;3,134153;
19;CAUCA;19318;GUAPI;Municipio;-77,88797;2,571337;
19;CAUCA;19355;INZ?;Municipio;-76,063503;2,549183;
19;CAUCA;19364;JAMBAL?;Municipio;-76,323877;2,777834;
19;CAUCA;19392;LA SIERRA;Municipio;-76,763278;2,179383;
19;CAUCA;19397;LA VEGA;Municipio;-76,778771;2,001803;
19;CAUCA;19418;L?PEZ DE MICAY;Municipio;-77,247803;2,846788;
19;CAUCA;19450;MERCADERES;Municipio;-77,164319;1,789193;
19;CAUCA;19455;MIRANDA;Municipio;-76,228722;3,254651;
19;CAUCA;19473;MORALES;Municipio;-76,629106;2,754684;
19;CAUCA;19513;PADILLA;Municipio;-76,313265;3,220984;
19;CAUCA;19517;P?EZ;Municipio;-75,970685;2,645724;
19;CAUCA;19532;PAT?A;Municipio;-76,981075;2,115875;
19;CAUCA;19533;PIAMONTE;Municipio;-76,327588;1,11754;
19;CAUCA;19548;PIENDAM? - TUN?A;Municipio;-76,528615;2,64228;
19;CAUCA;19573;PUERTO TEJADA;Municipio;-76,417673;3,233254;
19;CAUCA;19585;PURACê;Municipio;-76,496698;2,341507;
19;CAUCA;19622;ROSAS;Municipio;-76,740336;2,260941;
19;CAUCA;19693;SAN SEBASTI?N;Municipio;-76,769467;1,838451;
19;CAUCA;19698;SANTANDER DE QUILICHAO;Municipio;-76,485141;3,015008;
19;CAUCA;19701;SANTA ROSA;Municipio;-76,573252;1,700916;
19;CAUCA;19743;SILVIA;Municipio;-76,379753;2,611927;
19;CAUCA;19760;SOTAR? - PAISPAMBA;Municipio;-76,613365;2,253156;
19;CAUCA;19780;SU?REZ;Municipio;-76,69357;2,959785;
19;CAUCA;19785;SUCRE;Municipio;-76,926279;2,038237;
19;CAUCA;19807;TIMB?O;Municipio;-76,684476;2,349686;
19;CAUCA;19809;TIMBIQU?;Municipio;-77,667541;2,777312;
19;CAUCA;19821;TORIB?O;Municipio;-76,270284;2,953017;
19;CAUCA;19824;TOTOR?;Municipio;-76,403628;2,510252;
19;CAUCA;19845;VILLA RICA;Municipio;-76,458025;3,17762;
20;CESAR;20001;VALLEDUPAR;Municipio;-73,259398;10,460472;
20;CESAR;20011;AGUACHICA;Municipio;-73,614027;8,306811;
20;CESAR;20013;AGUST?N CODAZZI;Municipio;-73,238389;10,040454;
20;CESAR;20032;ASTREA;Municipio;-73,975842;9,498062;
20;CESAR;20045;BECERRIL;Municipio;-73,278707;9,704404;
20;CESAR;20060;BOSCONIA;Municipio;-73,888761;9,975098;
20;CESAR;20175;CHIMICHAGUA;Municipio;-73,813278;9,25875;
20;CESAR;20178;CHIRIGUAN?;Municipio;-73,599913;9,361058;
20;CESAR;20228;CURUMAN?;Municipio;-73,540843;9,201716;
20;CESAR;20238;EL COPEY;Municipio;-73,962703;10,149883;
20;CESAR;20250;EL PASO;Municipio;-73,742012;9,668461;
20;CESAR;20295;GAMARRA;Municipio;-73,737558;8,324793;
20;CESAR;20310;GONZ?LEZ;Municipio;-73,38004;8,389604;
20;CESAR;20383;LA GLORIA;Municipio;-73,80321;8,619298;
20;CESAR;20400;LA JAGUA DE IBIRICO;Municipio;-73,334143;9,563752;
20;CESAR;20443;MANAURE BALC?N DEL CESAR;Municipio;-73,029472;10,390776;
20;CESAR;20517;PAILITAS;Municipio;-73,625825;8,959399;
20;CESAR;20550;PELAYA;Municipio;-73,666735;8,689451;
20;CESAR;20570;PUEBLO BELLO;Municipio;-73,586211;10,417321;
20;CESAR;20614;R?O DE ORO;Municipio;-73,386393;8,292292;
20;CESAR;20621;LA PAZ;Municipio;-73,171365;10,387552;
20;CESAR;20710;SAN ALBERTO;Municipio;-73,393889;7,76111;
20;CESAR;20750;SAN DIEGO;Municipio;-73,181208;10,333039;
20;CESAR;20770;SAN MART?N;Municipio;-73,510914;7,999855;
20;CESAR;20787;TAMALAMEQUE;Municipio;-73,812172;8,861725;
23;C?RDOBA;23001;MONTER?A;Municipio;-75,873096;8,759789;
23;C?RDOBA;23068;AYAPEL;Municipio;-75,146048;8,313838;
23;C?RDOBA;23079;BUENAVISTA;Municipio;-75,480897;8,221187;
23;C?RDOBA;23090;CANALETE;Municipio;-76,241476;8,786939;
23;C?RDOBA;23162;CERETê;Municipio;-75,796093;8,888532;
23;C?RDOBA;23168;CHIM?;Municipio;-75,626886;9,149698;
23;C?RDOBA;23182;CHIN?;Municipio;-75,399633;9,105473;
23;C?RDOBA;23189;CIêNAGA DE ORO;Municipio;-75,620807;8,875794;
23;C?RDOBA;23300;COTORRA;Municipio;-75,799216;9,037163;
23;C?RDOBA;23350;LA APARTADA;Municipio;-75,336031;8,050125;
23;C?RDOBA;23417;LORICA;Municipio;-75,816084;9,240789;
23;C?RDOBA;23419;LOS C?RDOBAS;Municipio;-76,35518;8,892098;
23;C?RDOBA;23464;MOMIL;Municipio;-75,67796;9,240707;
23;C?RDOBA;23466;MONTEL?BANO;Municipio;-75,416818;7,973777;
23;C?RDOBA;23500;MO•ITOS;Municipio;-76,1291;9,245223;
23;C?RDOBA;23555;PLANETA RICA;Municipio;-75,583241;8,4082;
23;C?RDOBA;23570;PUEBLO NUEVO;Municipio;-75,508035;8,504099;
23;C?RDOBA;23574;PUERTO ESCONDIDO;Municipio;-76,260411;9,005372;
23;C?RDOBA;23580;PUERTO LIBERTADOR;Municipio;-75,671761;7,888859;
23;C?RDOBA;23586;PUR?SIMA DE LA CONCEPCI?N;Municipio;-75,724987;9,239295;
23;C?RDOBA;23660;SAHAG?N;Municipio;-75,445834;8,943048;
23;C?RDOBA;23670;SAN ANDRêS DE SOTAVENTO;Municipio;-75,50879;9,145448;
23;C?RDOBA;23672;SAN ANTERO;Municipio;-75,76112;9,376434;
23;C?RDOBA;23675;SAN BERNARDO DEL VIENTO;Municipio;-75,955107;9,35247;
23;C?RDOBA;23678;SAN CARLOS;Municipio;-75,698799;8,799282;
23;C?RDOBA;23682;SAN JOSê DE URê;Municipio;-75,533476;7,787303;
23;C?RDOBA;23686;SAN PELAYO;Municipio;-75,835615;8,958436;
23;C?RDOBA;23807;TIERRALTA;Municipio;-76,059797;8,170612;
23;C?RDOBA;23815;TUCH?N;Municipio;-75,553962;9,186625;
23;C?RDOBA;23855;VALENCIA;Municipio;-76,150756;8,255016;
25;CUNDINAMARCA;25001;AGUA DE DIOS;Municipio;-74,669221;4,375309;
25;CUNDINAMARCA;25019;ALB?N;Municipio;-74,438261;4,878022;
25;CUNDINAMARCA;25035;ANAPOIMA;Municipio;-74,528676;4,562737;
25;CUNDINAMARCA;25040;ANOLAIMA;Municipio;-74,46384;4,7617;
25;CUNDINAMARCA;25053;ARBEL?EZ;Municipio;-74,414901;4,272534;
25;CUNDINAMARCA;25086;BELTR?N;Municipio;-74,741666;4,802832;
25;CUNDINAMARCA;25095;BITUIMA;Municipio;-74,539609;4,872171;
25;CUNDINAMARCA;25099;BOJAC?;Municipio;-74,344594;4,737205;
25;CUNDINAMARCA;25120;CABRERA;Municipio;-74,484549;3,985164;
25;CUNDINAMARCA;25123;CACHIPAY;Municipio;-74,435711;4,730957;
25;CUNDINAMARCA;25126;CAJIC?;Municipio;-74,02298;4,920009;
25;CUNDINAMARCA;25148;CAPARRAP?;Municipio;-74,491045;5,34758;
25;CUNDINAMARCA;25151;C?QUEZA;Municipio;-73,946473;4,404112;
25;CUNDINAMARCA;25154;CARMEN DE CARUPA;Municipio;-73,901357;5,349119;
25;CUNDINAMARCA;25168;CHAGUAN?;Municipio;-74,593455;4,948916;
25;CUNDINAMARCA;25175;CH?A;Municipio;-74,05;4,866508;
25;CUNDINAMARCA;25178;CHIPAQUE;Municipio;-74,044876;4,442671;
25;CUNDINAMARCA;25181;CHOACH?;Municipio;-73,922894;4,527048;
25;CUNDINAMARCA;25183;CHOCONT?;Municipio;-73,683533;5,145224;
25;CUNDINAMARCA;25200;COGUA;Municipio;-73,978497;5,061842;
25;CUNDINAMARCA;25214;COTA;Municipio;-74,102569;4,812564;
25;CUNDINAMARCA;25224;CUCUNUB?;Municipio;-73,766113;5,249795;
25;CUNDINAMARCA;25245;EL COLEGIO;Municipio;-74,442261;4,577951;
25;CUNDINAMARCA;25258;EL PE•?N;Municipio;-74,290207;5,248747;
25;CUNDINAMARCA;25260;EL ROSAL;Municipio;-74,263103;4,850589;
25;CUNDINAMARCA;25269;FACATATIV?;Municipio;-74,350085;4,813353;
25;CUNDINAMARCA;25279;F?MEQUE;Municipio;-73,892523;4,485474;
25;CUNDINAMARCA;25281;FOSCA;Municipio;-73,93902;4,339093;
25;CUNDINAMARCA;25286;FUNZA;Municipio;-74,201528;4,710412;
25;CUNDINAMARCA;25288;F?QUENE;Municipio;-73,795855;5,403997;
25;CUNDINAMARCA;25290;FUSAGASUG?;Municipio;-74,37543;4,336723;
25;CUNDINAMARCA;25293;GACHAL?;Municipio;-73,520161;4,693579;
25;CUNDINAMARCA;25295;GACHANCIP?;Municipio;-73,873464;4,990947;
25;CUNDINAMARCA;25297;GACHET?;Municipio;-73,636377;4,816411;
25;CUNDINAMARCA;25299;GAMA;Municipio;-73,611037;4,763325;
25;CUNDINAMARCA;25307;GIRARDOT;Municipio;-74,798201;4,313069;
25;CUNDINAMARCA;25312;GRANADA;Municipio;-74,350766;4,519763;
25;CUNDINAMARCA;25317;GUACHET?;Municipio;-73,686972;5,383378;
25;CUNDINAMARCA;25320;GUADUAS;Municipio;-74,603402;5,072076;
25;CUNDINAMARCA;25322;GUASCA;Municipio;-73,877143;4,866719;
25;CUNDINAMARCA;25324;GUATAQU?;Municipio;-74,790058;4,517517;
25;CUNDINAMARCA;25326;GUATAVITA;Municipio;-73,83293;4,935211;
25;CUNDINAMARCA;25328;GUAYABAL DE S?QUIMA;Municipio;-74,467437;4,877968;
25;CUNDINAMARCA;25335;GUAYABETAL;Municipio;-73,815107;4,215306;
25;CUNDINAMARCA;25339;GUTIêRREZ;Municipio;-74,003042;4,254679;
25;CUNDINAMARCA;25368;JERUSALêN;Municipio;-74,695474;4,562273;
25;CUNDINAMARCA;25372;JUN?N;Municipio;-73,662961;4,79057;
25;CUNDINAMARCA;25377;LA CALERA;Municipio;-73,968161;4,721104;
25;CUNDINAMARCA;25386;LA MESA;Municipio;-74,461588;4,631028;
25;CUNDINAMARCA;25394;LA PALMA;Municipio;-74,391022;5,358816;
25;CUNDINAMARCA;25398;LA PE•A;Municipio;-74,394105;5,198945;
25;CUNDINAMARCA;25402;LA VEGA;Municipio;-74,336885;4,997768;
25;CUNDINAMARCA;25407;LENGUAZAQUE;Municipio;-73,711512;5,306131;
25;CUNDINAMARCA;25426;MACHET?;Municipio;-73,608226;5,08007;
25;CUNDINAMARCA;25430;MADRID;Municipio;-74,265854;4,732791;
25;CUNDINAMARCA;25436;MANTA;Municipio;-73,540444;5,009008;
25;CUNDINAMARCA;25438;MEDINA;Municipio;-73,348449;4,506298;
25;CUNDINAMARCA;25473;MOSQUERA;Municipio;-74,221154;4,70653;
25;CUNDINAMARCA;25483;NARI•O;Municipio;-74,824732;4,399837;
25;CUNDINAMARCA;25486;NEMOC?N;Municipio;-73,877888;5,068705;
25;CUNDINAMARCA;25488;NILO;Municipio;-74,620009;4,305838;
25;CUNDINAMARCA;25489;NIMAIMA;Municipio;-74,38604;5,125992;
25;CUNDINAMARCA;25491;NOCAIMA;Municipio;-74,379093;5,069466;
25;CUNDINAMARCA;25506;VENECIA;Municipio;-74,478301;4,089056;
25;CUNDINAMARCA;25513;PACHO;Municipio;-74,156132;5,136907;
25;CUNDINAMARCA;25518;PAIME;Municipio;-74,152213;5,370487;
25;CUNDINAMARCA;25524;PANDI;Municipio;-74,486641;4,190393;
25;CUNDINAMARCA;25530;PARATEBUENO;Municipio;-73,212825;4,374832;
25;CUNDINAMARCA;25535;PASCA;Municipio;-74,302276;4,308979;
25;CUNDINAMARCA;25572;PUERTO SALGAR;Municipio;-74,653695;5,465413;
25;CUNDINAMARCA;25580;PUL?;Municipio;-74,71438;4,682022;
25;CUNDINAMARCA;25592;QUEBRADANEGRA;Municipio;-74,48014;5,118076;
25;CUNDINAMARCA;25594;QUETAME;Municipio;-73,863214;4,329884;
25;CUNDINAMARCA;25596;QUIPILE;Municipio;-74,533705;4,74481;
25;CUNDINAMARCA;25599;APULO;Municipio;-74,593926;4,520304;
25;CUNDINAMARCA;25612;RICAURTE;Municipio;-74,772861;4,282113;
25;CUNDINAMARCA;25645;SAN ANTONIO DEL TEQUENDAMA;Municipio;-74,351443;4,616138;
25;CUNDINAMARCA;25649;SAN BERNARDO;Municipio;-74,42296;4,179433;
25;CUNDINAMARCA;25653;SAN CAYETANO;Municipio;-74,024754;5,332938;
25;CUNDINAMARCA;25658;SAN FRANCISCO;Municipio;-74,289672;4,972917;
25;CUNDINAMARCA;25662;SAN JUAN DE RIOSECO;Municipio;-74,621919;4,847575;
25;CUNDINAMARCA;25718;SASAIMA;Municipio;-74,432628;4,962167;
25;CUNDINAMARCA;25736;SESQUILê;Municipio;-73,796099;5,04476;
25;CUNDINAMARCA;25740;SIBATê;Municipio;-74,257874;4,492625;
25;CUNDINAMARCA;25743;SILVANIA;Municipio;-74,405534;4,381981;
25;CUNDINAMARCA;25745;SIMIJACA;Municipio;-73,850703;5,505231;
25;CUNDINAMARCA;25754;SOACHA;Municipio;-74,215463;4,579268;
25;CUNDINAMARCA;25758;SOP?;Municipio;-73,943328;4,915395;
25;CUNDINAMARCA;25769;SUBACHOQUE;Municipio;-74,172773;4,929118;
25;CUNDINAMARCA;25772;SUESCA;Municipio;-73,798227;5,103495;
25;CUNDINAMARCA;25777;SUPAT?;Municipio;-74,235403;5,06162;
25;CUNDINAMARCA;25779;SUSA;Municipio;-73,813938;5,455291;
25;CUNDINAMARCA;25781;SUTATAUSA;Municipio;-73,853159;5,247482;
25;CUNDINAMARCA;25785;TABIO;Municipio;-74,096461;4,916832;
25;CUNDINAMARCA;25793;TAUSA;Municipio;-73,887813;5,196333;
25;CUNDINAMARCA;25797;TENA;Municipio;-74,389193;4,655286;
25;CUNDINAMARCA;25799;TENJO;Municipio;-74,143724;4,872014;
25;CUNDINAMARCA;25805;TIBACUY;Municipio;-74,452662;4,348605;
25;CUNDINAMARCA;25807;TIBIRITA;Municipio;-73,504514;5,052278;
25;CUNDINAMARCA;25815;TOCAIMA;Municipio;-74,636296;4,459279;
25;CUNDINAMARCA;25817;TOCANCIP?;Municipio;-73,91207;4,964641;
25;CUNDINAMARCA;25823;TOPAIP?;Municipio;-74,300626;5,336224;
25;CUNDINAMARCA;25839;UBAL?;Municipio;-73,531489;4,74762;
25;CUNDINAMARCA;25841;UBAQUE;Municipio;-73,933477;4,483788;
25;CUNDINAMARCA;25843;VILLA DE SAN DIEGO DE UBATê;Municipio;-73,814367;5,307463;
25;CUNDINAMARCA;25845;UNE;Municipio;-74,025183;4,40245;
25;CUNDINAMARCA;25851;?TICA;Municipio;-74,483154;5,19055;
25;CUNDINAMARCA;25862;VERGARA;Municipio;-74,346163;5,117258;
25;CUNDINAMARCA;25867;VIAN?;Municipio;-74,56132;4,875208;
25;CUNDINAMARCA;25871;VILLAG?MEZ;Municipio;-74,195145;5,273024;
25;CUNDINAMARCA;25873;VILLAPINZ?N;Municipio;-73,595704;5,216393;
25;CUNDINAMARCA;25875;VILLETA;Municipio;-74,469686;5,012754;
25;CUNDINAMARCA;25878;VIOT?;Municipio;-74,523131;4,43935;
25;CUNDINAMARCA;25885;YACOP?;Municipio;-74,33806;5,459272;
25;CUNDINAMARCA;25898;ZIPAC?N;Municipio;-74,379566;4,759932;
25;CUNDINAMARCA;25899;ZIPAQUIR?;Municipio;-73,994444;5,025477;
27;CHOC?;27001;QUIBD?;Municipio;-76,638144;5,682166;
27;CHOC?;27006;ACAND?;Municipio;-77,279951;8,512178;
27;CHOC?;27025;ALTO BAUD?;Municipio;-76,974373;5,516221;
27;CHOC?;27050;ATRATO;Municipio;-76,635674;5,531419;
27;CHOC?;27073;BAGAD?;Municipio;-76,416063;5,409681;
27;CHOC?;27075;BAH?A SOLANO;Municipio;-77,401359;6,222807;
27;CHOC?;27077;BAJO BAUD?;Municipio;-77,365717;4,954576;
27;CHOC?;27099;BOJAY?;Municipio;-76,886773;6,559708;
27;CHOC?;27135;EL CANT?N DEL SAN PABLO;Municipio;-76,726844;5,335321;
27;CHOC?;27150;CARMEN DEL DARIêN;Municipio;-76,970798;7,158294;
27;CHOC?;27160;CêRTEGUI;Municipio;-76,607619;5,371373;
27;CHOC?;27205;CONDOTO;Municipio;-76,650683;5,091003;
27;CHOC?;27245;EL CARMEN DE ATRATO;Municipio;-76,142112;5,899789;
27;CHOC?;27250;EL LITORAL DEL SAN JUAN;Municipio;-77,363702;4,259564;
27;CHOC?;27361;ISTMINA;Municipio;-76,68518;5,153946;
27;CHOC?;27372;JURAD?;Municipio;-77,762751;7,103619;
27;CHOC?;27413;LLOR?;Municipio;-76,545147;5,49789;
27;CHOC?;27425;MEDIO ATRATO;Municipio;-76,783042;5,994935;
27;CHOC?;27430;MEDIO BAUD?;Municipio;-76,950891;5,192471;
27;CHOC?;27450;MEDIO SAN JUAN;Municipio;-76,694409;5,098291;
27;CHOC?;27491;N?VITA;Municipio;-76,609467;4,956063;
27;CHOC?;27493;NUEVO BELêN DE BAJIR?;Municipio;-76,71727;7,3719;*
27;CHOC?;27495;NUQU?;Municipio;-77,265507;5,709812;
27;CHOC?;27580;R?O IR?;Municipio;-76,472925;5,1863;
27;CHOC?;27600;R?O QUITO;Municipio;-76,740684;5,483667;
27;CHOC?;27615;RIOSUCIO;Municipio;-77,113156;7,436704;*
27;CHOC?;27660;SAN JOSê DEL PALMAR;Municipio;-76,234227;4,896954;
27;CHOC?;27745;SIP?;Municipio;-76,643453;4,65262;
27;CHOC?;27787;TAD?;Municipio;-76,558571;5,264873;
27;CHOC?;27800;UNGU?A;Municipio;-77,092538;8,04406;
27;CHOC?;27810;UNI?N PANAMERICANA;Municipio;-76,630143;5,281108;
41;HUILA;41001;NEIVA;Municipio;-75,277327;2,935432;
41;HUILA;41006;ACEVEDO;Municipio;-75,888706;1,805173;
41;HUILA;41013;AGRADO;Municipio;-75,772022;2,25987;
41;HUILA;41016;AIPE;Municipio;-75,239017;3,223996;
41;HUILA;41020;ALGECIRAS;Municipio;-75,315389;2,521674;
41;HUILA;41026;ALTAMIRA;Municipio;-75,788471;2,063841;
41;HUILA;41078;BARAYA;Municipio;-75,054843;3,152204;
41;HUILA;41132;CAMPOALEGRE;Municipio;-75,325748;2,686767;
41;HUILA;41206;COLOMBIA;Municipio;-74,802815;3,376745;
41;HUILA;41244;EL?AS;Municipio;-75,938301;2,012854;
41;HUILA;41298;GARZ?N;Municipio;-75,627057;2,196493;
41;HUILA;41306;GIGANTE;Municipio;-75,547681;2,384031;
41;HUILA;41319;GUADALUPE;Municipio;-75,757185;2,02426;
41;HUILA;41349;HOBO;Municipio;-75,447697;2,580812;
41;HUILA;41357;?QUIRA;Municipio;-75,634497;2,649359;
41;HUILA;41359;ISNOS;Municipio;-76,217637;1,929467;
41;HUILA;41378;LA ARGENTINA;Municipio;-75,979763;2,198496;
41;HUILA;41396;LA PLATA;Municipio;-75,891254;2,389263;
41;HUILA;41483;N?TAGA;Municipio;-75,808756;2,5451;
41;HUILA;41503;OPORAPA;Municipio;-75,995165;2,025088;
41;HUILA;41518;PAICOL;Municipio;-75,773158;2,449651;
41;HUILA;41524;PALERMO;Municipio;-75,435296;2,889649;
41;HUILA;41530;PALESTINA;Municipio;-76,133251;1,723725;
41;HUILA;41548;PITAL;Municipio;-75,804544;2,266618;
41;HUILA;41551;PITALITO;Municipio;-76,049441;1,852631;
41;HUILA;41615;RIVERA;Municipio;-75,258753;2,777586;
41;HUILA;41660;SALADOBLANCO;Municipio;-76,044747;1,9934;
41;HUILA;41668;SAN AGUST?N;Municipio;-76,27036;1,881081;
41;HUILA;41676;SANTA MAR?A;Municipio;-75,586223;2,939603;
41;HUILA;41770;SUAZA;Municipio;-75,79525;1,976051;
41;HUILA;41791;TARQUI;Municipio;-75,823976;2,111325;
41;HUILA;41797;TESALIA;Municipio;-75,730271;2,486364;
41;HUILA;41799;TELLO;Municipio;-75,138773;3,067538;
41;HUILA;41801;TERUEL;Municipio;-75,567034;2,740968;
41;HUILA;41807;TIMAN?;Municipio;-75,932167;1,974539;
41;HUILA;41872;VILLAVIEJA;Municipio;-75,217174;3,218822;
41;HUILA;41885;YAGUAR?;Municipio;-75,518023;2,664694;
44;LA GUAJIRA;44001;RIOHACHA;Municipio;-72,911795;11,528588;
44;LA GUAJIRA;44035;ALBANIA;Municipio;-72,61232;11,151628;
44;LA GUAJIRA;44078;BARRANCAS;Municipio;-72,793639;10,958669;
44;LA GUAJIRA;44090;DIBULLA;Municipio;-73,307598;11,27155;
44;LA GUAJIRA;44098;DISTRACCI?N;Municipio;-72,887405;10,898414;
44;LA GUAJIRA;44110;EL MOLINO;Municipio;-72,92673;10,653505;
44;LA GUAJIRA;44279;FONSECA;Municipio;-72,846319;10,886734;
44;LA GUAJIRA;44378;HATONUEVO;Municipio;-72,75904;11,068864;
44;LA GUAJIRA;44420;LA JAGUA DEL PILAR;Municipio;-73,072638;10,511862;
44;LA GUAJIRA;44430;MAICAO;Municipio;-72,242738;11,378535;
44;LA GUAJIRA;44560;MANAURE;Municipio;-72,438739;11,773767;
44;LA GUAJIRA;44650;SAN JUAN DEL CESAR;Municipio;-73,000629;10,769546;
44;LA GUAJIRA;44847;URIBIA;Municipio;-72,265906;11,711904;
44;LA GUAJIRA;44855;URUMITA;Municipio;-73,012507;10,560169;
44;LA GUAJIRA;44874;VILLANUEVA;Municipio;-72,977583;10,608774;
47;MAGDALENA;47001;SANTA MARTA;Municipio;-74,199829;11,204679;
47;MAGDALENA;47030;ALGARROBO;Municipio;-74,061132;10,188059;
47;MAGDALENA;47053;ARACATACA;Municipio;-74,186702;10,589791;
47;MAGDALENA;47058;ARIGUAN?;Municipio;-74,236515;9,847047;
47;MAGDALENA;47161;CERRO DE SAN ANTONIO;Municipio;-74,868474;10,325531;
47;MAGDALENA;47170;CHIVOLO;Municipio;-74,622242;10,026631;
47;MAGDALENA;47189;CIêNAGA;Municipio;-74,241286;11,006654;
47;MAGDALENA;47205;CONCORDIA;Municipio;-74,83303;10,257314;
47;MAGDALENA;47245;EL BANCO;Municipio;-73,97437;9,008503;
47;MAGDALENA;47258;EL PI•?N;Municipio;-74,823094;10,402781;
47;MAGDALENA;47268;EL RETêN;Municipio;-74,268444;10,610488;
47;MAGDALENA;47288;FUNDACI?N;Municipio;-74,191453;10,514146;
47;MAGDALENA;47318;GUAMAL;Municipio;-74,223689;9,144354;
47;MAGDALENA;47460;NUEVA GRANADA;Municipio;-74,391841;9,80186;
47;MAGDALENA;47541;PEDRAZA;Municipio;-74,9154;10,18825;
47;MAGDALENA;47545;PIJI•O DEL CARMEN;Municipio;-74,459034;9,331922;
47;MAGDALENA;47551;PIVIJAY;Municipio;-74,613312;10,460707;
47;MAGDALENA;47555;PLATO;Municipio;-74,784549;9,796713;
47;MAGDALENA;47570;PUEBLOVIEJO;Municipio;-74,28253;10,994766;
47;MAGDALENA;47605;REMOLINO;Municipio;-74,716172;10,701952;
47;MAGDALENA;47660;SABANAS DE SAN ?NGEL;Municipio;-74,213946;10,032536;
47;MAGDALENA;47675;SALAMINA;Municipio;-74,794189;10,491229;
47;MAGDALENA;47692;SAN SEBASTI?N DE BUENAVISTA;Municipio;-74,351498;9,241656;
47;MAGDALENA;47703;SAN ZEN?N;Municipio;-74,498992;9,245061;
47;MAGDALENA;47707;SANTA ANA;Municipio;-74,566845;9,324294;
47;MAGDALENA;47720;SANTA B?RBARA DE PINTO;Municipio;-74,704667;9,432263;
47;MAGDALENA;47745;SITIONUEVO;Municipio;-74,720021;10,775285;
47;MAGDALENA;47798;TENERIFE;Municipio;-74,859783;9,898273;
47;MAGDALENA;47960;ZAPAY?N;Municipio;-74,716878;10,168297;
47;MAGDALENA;47980;ZONA BANANERA;Municipio;-74,140091;10,763024;
50;META;50001;VILLAVICENCIO;Municipio;-73,622601;4,126369;
50;META;50006;ACAC?AS;Municipio;-73,766034;3,990413;
50;META;50110;BARRANCA DE UP?A;Municipio;-72,961083;4,566225;
50;META;50124;CABUYARO;Municipio;-72,791768;4,286705;
50;META;50150;CASTILLA LA NUEVA;Municipio;-73,687302;3,830005;
50;META;50223;CUBARRAL;Municipio;-73,837999;3,793653;
50;META;50226;CUMARAL;Municipio;-73,487052;4,270042;
50;META;50245;EL CALVARIO;Municipio;-73,713325;4,352665;
50;META;50251;EL CASTILLO;Municipio;-73,794225;3,563907;
50;META;50270;EL DORADO;Municipio;-73,835264;3,739984;
50;META;50287;FUENTE DE ORO;Municipio;-73,618121;3,462875;
50;META;50313;GRANADA;Municipio;-73,705815;3,547147;
50;META;50318;GUAMAL;Municipio;-73,768815;3,879657;
50;META;50325;MAPIRIP?N;Municipio;-72,135509;2,896617;
50;META;50330;MESETAS;Municipio;-74,044328;3,382732;
50;META;50350;LA MACARENA;Municipio;-73,78661;2,177143;
50;META;50370;URIBE;Municipio;-74,351508;3,239634;
50;META;50400;LEJAN?AS;Municipio;-74,023514;3,525115;
50;META;50450;PUERTO CONCORDIA;Municipio;-72,760209;2,624006;
50;META;50568;PUERTO GAIT?N;Municipio;-72,087649;4,314905;
50;META;50573;PUERTO L?PEZ;Municipio;-72,957324;4,09349;
50;META;50577;PUERTO LLERAS;Municipio;-73,37385;3,272117;
50;META;50590;PUERTO RICO;Municipio;-73,206314;2,939621;
50;META;50606;RESTREPO;Municipio;-73,565408;4,259556;
50;META;50680;SAN CARLOS DE GUAROA;Municipio;-73,242253;3,71065;
50;META;50683;SAN JUAN DE ARAMA;Municipio;-73,875832;3,373728;
50;META;50686;SAN JUANITO;Municipio;-73,676699;4,458181;
50;META;50689;SAN MART?N;Municipio;-73,695812;3,701899;
50;META;50711;VISTAHERMOSA;Municipio;-73,750966;3,125579;
52;NARI•O;52001;PASTO;Municipio;-77,278795;1,212352;
52;NARI•O;52019;ALB?N;Municipio;-77,080712;1,474978;
52;NARI•O;52022;ALDANA;Municipio;-77,700564;0,882381;
52;NARI•O;52036;ANCUYA;Municipio;-77,514512;1,263276;
52;NARI•O;52051;ARBOLEDA;Municipio;-77,135467;1,503418;
52;NARI•O;52079;BARBACOAS;Municipio;-78,13765;1,671733;
52;NARI•O;52083;BELêN;Municipio;-77,015619;1,595681;
52;NARI•O;52110;BUESACO;Municipio;-77,156463;1,381453;
52;NARI•O;52203;COL?N;Municipio;-77,019777;1,643878;
52;NARI•O;52207;CONSAC?;Municipio;-77,466136;1,207854;
52;NARI•O;52210;CONTADERO;Municipio;-77,549409;0,910458;
52;NARI•O;52215;C?RDOBA;Municipio;-77,517897;0,854564;
52;NARI•O;52224;CUASPUD CARLOSAMA;Municipio;-77,728947;0,862978;
52;NARI•O;52227;CUMBAL;Municipio;-77,792505;0,906367;
52;NARI•O;52233;CUMBITARA;Municipio;-77,578616;1,647163;
52;NARI•O;52240;CHACHAGö?;Municipio;-77,281869;1,360545;
52;NARI•O;52250;EL CHARCO;Municipio;-78,110217;2,479688;
52;NARI•O;52254;EL PE•OL;Municipio;-77,438522;1,453567;
52;NARI•O;52256;EL ROSARIO;Municipio;-77,33417;1,745309;
52;NARI•O;52258;EL TABL?N DE G?MEZ;Municipio;-77,097101;1,427277;
52;NARI•O;52260;EL TAMBO;Municipio;-77,390772;1,407913;
52;NARI•O;52287;FUNES;Municipio;-77,448913;1,001159;
52;NARI•O;52317;GUACHUCAL;Municipio;-77,731589;0,959744;
52;NARI•O;52320;GUAITARILLA;Municipio;-77,549824;1,129574;
52;NARI•O;52323;GUALMAT?N;Municipio;-77,568701;0,919652;
52;NARI•O;52352;ILES;Municipio;-77,521227;0,96952;
52;NARI•O;52354;IMUêS;Municipio;-77,496339;1,05506;
52;NARI•O;52356;IPIALES;Municipio;-77,646367;0,827732;
52;NARI•O;52378;LA CRUZ;Municipio;-76,970504;1,601318;
52;NARI•O;52381;LA FLORIDA;Municipio;-77,402882;1,29753;
52;NARI•O;52385;LA LLANADA;Municipio;-77,58091;1,472892;
52;NARI•O;52390;LA TOLA;Municipio;-78,189725;2,398999;
52;NARI•O;52399;LA UNI?N;Municipio;-77,131316;1,600219;
52;NARI•O;52405;LEIVA;Municipio;-77,306135;1,934453;
52;NARI•O;52411;LINARES;Municipio;-77,523953;1,350814;
52;NARI•O;52418;LOS ANDES;Municipio;-77,521303;1,494587;
52;NARI•O;52427;MAGö?;Municipio;-78,182924;1,765633;
52;NARI•O;52435;MALLAMA;Municipio;-77,864549;1,141037;
52;NARI•O;52473;MOSQUERA;Municipio;-78,452992;2,507139;
52;NARI•O;52480;NARI•O;Municipio;-77,357972;1,288979;
52;NARI•O;52490;OLAYA HERRERA;Municipio;-78,325814;2,347457;
52;NARI•O;52506;OSPINA;Municipio;-77,566082;1,058433;
52;NARI•O;52520;FRANCISCO PIZARRO;Municipio;-78,658361;2,040629;
52;NARI•O;52540;POLICARPA;Municipio;-77,458686;1,627196;
52;NARI•O;52560;POTOS?;Municipio;-77,573003;0,806639;
52;NARI•O;52565;PROVIDENCIA;Municipio;-77,596794;1,237814;
52;NARI•O;52573;PUERRES;Municipio;-77,504211;0,885125;
52;NARI•O;52585;PUPIALES;Municipio;-77,636042;0,870442;
52;NARI•O;52612;RICAURTE;Municipio;-77,995153;1,212492;
52;NARI•O;52621;ROBERTO PAY?N;Municipio;-78,245716;1,697492;
52;NARI•O;52678;SAMANIEGO;Municipio;-77,594341;1,335438;
52;NARI•O;52683;SANDON?;Municipio;-77,47313;1,283438;
52;NARI•O;52685;SAN BERNARDO;Municipio;-77,0475;1,513762;
52;NARI•O;52687;SAN LORENZO;Municipio;-77,21542;1,503362;
52;NARI•O;52693;SAN PABLO;Municipio;-77,013984;1,669429;
52;NARI•O;52694;SAN PEDRO DE CARTAGO;Municipio;-77,11941;1,551572;
52;NARI•O;52696;SANTA B?RBARA;Municipio;-77,979916;2,449653;
52;NARI•O;52699;SANTACRUZ;Municipio;-77,677035;1,222589;
52;NARI•O;52720;SAPUYES;Municipio;-77,62028;1,037536;
52;NARI•O;52786;TAMINANGO;Municipio;-77,2808;1,570358;
52;NARI•O;52788;TANGUA;Municipio;-77,393735;1,09482;
52;NARI•O;52835;SAN ANDRêS DE TUMACO;Municipio;-78,764073;1,807399;
52;NARI•O;52838;T?QUERRES;Municipio;-77,61672;1,085044;
52;NARI•O;52885;YACUANQUER;Municipio;-77,400169;1,115937;
54;NORTE DE SANTANDER;54001;SAN JOSê DE C?CUTA;Municipio;-72,508178;7,905725;
54;NORTE DE SANTANDER;54003;?BREGO;Municipio;-73,221722;8,081616;
54;NORTE DE SANTANDER;54051;ARBOLEDAS;Municipio;-72,798952;7,642985;
54;NORTE DE SANTANDER;54099;BOCHALEMA;Municipio;-72,64701;7,612192;
54;NORTE DE SANTANDER;54109;BUCARASICA;Municipio;-72,868231;8,041299;
54;NORTE DE SANTANDER;54125;C?COTA;Municipio;-72,642059;7,268705;
54;NORTE DE SANTANDER;54128;C?CHIRA;Municipio;-73,048983;7,741248;
54;NORTE DE SANTANDER;54172;CHIN?COTA;Municipio;-72,601162;7,603112;
54;NORTE DE SANTANDER;54174;CHITAG?;Municipio;-72,665468;7,138187;
54;NORTE DE SANTANDER;54206;CONVENCI?N;Municipio;-73,3372;8,470374;
54;NORTE DE SANTANDER;54223;CUCUTILLA;Municipio;-72,772816;7,539633;
54;NORTE DE SANTANDER;54239;DURANIA;Municipio;-72,658491;7,714804;
54;NORTE DE SANTANDER;54245;EL CARMEN;Municipio;-73,446687;8,510579;
54;NORTE DE SANTANDER;54250;EL TARRA;Municipio;-73,09614;8,574281;
54;NORTE DE SANTANDER;54261;EL ZULIA;Municipio;-72,604717;7,938572;
54;NORTE DE SANTANDER;54313;GRAMALOTE;Municipio;-72,787233;7,916946;
54;NORTE DE SANTANDER;54344;HACAR?;Municipio;-73,145997;8,321506;
54;NORTE DE SANTANDER;54347;HERR?N;Municipio;-72,483519;7,506541;
54;NORTE DE SANTANDER;54377;LABATECA;Municipio;-72,495983;7,298414;
54;NORTE DE SANTANDER;54385;LA ESPERANZA;Municipio;-73,328126;7,639839;
54;NORTE DE SANTANDER;54398;LA PLAYA;Municipio;-73,239986;8,21124;
54;NORTE DE SANTANDER;54405;LOS PATIOS;Municipio;-72,505612;7,833186;
54;NORTE DE SANTANDER;54418;LOURDES;Municipio;-72,832376;7,945631;
54;NORTE DE SANTANDER;54480;MUTISCUA;Municipio;-72,747169;7,300469;
54;NORTE DE SANTANDER;54498;OCA•A;Municipio;-73,35607;8,248574;
54;NORTE DE SANTANDER;54518;PAMPLONA;Municipio;-72,647714;7,372802;
54;NORTE DE SANTANDER;54520;PAMPLONITA;Municipio;-72,639111;7,436745;
54;NORTE DE SANTANDER;54553;PUERTO SANTANDER;Municipio;-72,411363;8,359993;
54;NORTE DE SANTANDER;54599;RAGONVALIA;Municipio;-72,476708;7,577861;
54;NORTE DE SANTANDER;54660;SALAZAR;Municipio;-72,813064;7,773683;
54;NORTE DE SANTANDER;54670;SAN CALIXTO;Municipio;-73,208622;8,40214;
54;NORTE DE SANTANDER;54673;SAN CAYETANO;Municipio;-72,625459;7,875695;
54;NORTE DE SANTANDER;54680;SANTIAGO;Municipio;-72,716203;7,865856;
54;NORTE DE SANTANDER;54720;SARDINATA;Municipio;-72,800577;8,082105;
54;NORTE DE SANTANDER;54743;SILOS;Municipio;-72,757128;7,204736;
54;NORTE DE SANTANDER;54800;TEORAMA;Municipio;-73,28707;8,438134;
54;NORTE DE SANTANDER;54810;TIB?;Municipio;-72,734496;8,639891;
54;NORTE DE SANTANDER;54820;TOLEDO;Municipio;-72,481915;7,307692;
54;NORTE DE SANTANDER;54871;VILLA CARO;Municipio;-72,973601;7,914244;
54;NORTE DE SANTANDER;54874;VILLA DEL ROSARIO;Municipio;-72,469758;7,847672;
63;QUIND?O;63001;ARMENIA;Municipio;-75,680786;4,53598;
63;QUIND?O;63111;BUENAVISTA;Municipio;-75,739572;4,360029;
63;QUIND?O;63130;CALARC?;Municipio;-75,646085;4,520982;
63;QUIND?O;63190;CIRCASIA;Municipio;-75,636533;4,617759;
63;QUIND?O;63212;C?RDOBA;Municipio;-75,687866;4,392485;
63;QUIND?O;63272;FILANDIA;Municipio;-75,658387;4,674338;
63;QUIND?O;63302;GêNOVA;Municipio;-75,790402;4,206641;
63;QUIND?O;63401;LA TEBAIDA;Municipio;-75,786887;4,453755;
63;QUIND?O;63470;MONTENEGRO;Municipio;-75,749827;4,565057;
63;QUIND?O;63548;PIJAO;Municipio;-75,703329;4,335036;
63;QUIND?O;63594;QUIMBAYA;Municipio;-75,765074;4,624387;
63;QUIND?O;63690;SALENTO;Municipio;-75,570844;4,637157;
66;RISARALDA;66001;PEREIRA;Municipio;-75,719711;4,804985;
66;RISARALDA;66045;AP?A;Municipio;-75,942356;5,106526;
66;RISARALDA;66075;BALBOA;Municipio;-75,958663;4,949096;
66;RISARALDA;66088;BELêN DE UMBR?A;Municipio;-75,868334;5,200793;
66;RISARALDA;66170;DOSQUEBRADAS;Municipio;-75,675371;4,833131;
66;RISARALDA;66318;GU?TICA;Municipio;-75,799005;5,315367;
66;RISARALDA;66383;LA CELIA;Municipio;-76,0032;5,002787;
66;RISARALDA;66400;LA VIRGINIA;Municipio;-75,880394;4,896624;
66;RISARALDA;66440;MARSELLA;Municipio;-75,73879;4,935771;
66;RISARALDA;66456;MISTRAT?;Municipio;-75,882886;5,297039;
66;RISARALDA;66572;PUEBLO RICO;Municipio;-76,030801;5,222043;
66;RISARALDA;66594;QUINCH?A;Municipio;-75,730431;5,340456;
66;RISARALDA;66682;SANTA ROSA DE CABAL;Municipio;-75,623268;4,876271;
66;RISARALDA;66687;SANTUARIO;Municipio;-75,964628;5,074911;
68;SANTANDER;68001;BUCARAMANGA;Municipio;-73,132562;7,11647;
68;SANTANDER;68013;AGUADA;Municipio;-73,523132;6,162355;
68;SANTANDER;68020;ALBANIA;Municipio;-73,91336;5,759166;
68;SANTANDER;68051;ARATOCA;Municipio;-73,01786;6,694418;
68;SANTANDER;68077;BARBOSA;Municipio;-73,615965;5,932531;
68;SANTANDER;68079;BARICHARA;Municipio;-73,223047;6,634111;
68;SANTANDER;68081;BARRANCABERMEJA;Municipio;-73,849243;7,064857;
68;SANTANDER;68092;BETULIA;Municipio;-73,283669;6,899525;
68;SANTANDER;68101;BOL?VAR;Municipio;-73,771346;5,988953;
68;SANTANDER;68121;CABRERA;Municipio;-73,246475;6,592118;
68;SANTANDER;68132;CALIFORNIA;Municipio;-72,946491;7,347989;
68;SANTANDER;68147;CAPITANEJO;Municipio;-72,695427;6,527394;
68;SANTANDER;68152;CARCAS?;Municipio;-72,627099;6,629016;
68;SANTANDER;68160;CEPIT?;Municipio;-72,973536;6,753518;
68;SANTANDER;68162;CERRITO;Municipio;-72,694851;6,840405;
68;SANTANDER;68167;CHARAL?;Municipio;-73,146873;6,284339;
68;SANTANDER;68169;CHARTA;Municipio;-72,968798;7,28082;
68;SANTANDER;68176;CHIMA;Municipio;-73,373656;6,344348;
68;SANTANDER;68179;CHIPAT?;Municipio;-73,637111;6,062521;
68;SANTANDER;68190;CIMITARRA;Municipio;-73,953011;6,320886;
68;SANTANDER;68207;CONCEPCI?N;Municipio;-72,694567;6,768908;
68;SANTANDER;68209;CONFINES;Municipio;-73,240554;6,357327;
68;SANTANDER;68211;CONTRATACI?N;Municipio;-73,474426;6,290561;
68;SANTANDER;68217;COROMORO;Municipio;-73,040816;6,294999;
68;SANTANDER;68229;CURIT?;Municipio;-73,069383;6,605099;
68;SANTANDER;68235;EL CARMEN DE CHUCUR?;Municipio;-73,51066;6,700038;
68;SANTANDER;68245;EL GUACAMAYO;Municipio;-73,496908;6,245111;
68;SANTANDER;68250;EL PE•?N;Municipio;-73,815532;6,05537;
68;SANTANDER;68255;EL PLAY?N;Municipio;-73,20287;7,470715;
68;SANTANDER;68264;ENCINO;Municipio;-73,098749;6,137429;
68;SANTANDER;68266;ENCISO;Municipio;-72,699647;6,668034;
68;SANTANDER;68271;FLORI?N;Municipio;-73,97143;5,804659;
68;SANTANDER;68276;FLORIDABLANCA;Municipio;-73,099104;7,072329;
68;SANTANDER;68296;GAL?N;Municipio;-73,287769;6,638423;
68;SANTANDER;68298;G?MBITA;Municipio;-73,344185;5,945998;
68;SANTANDER;68307;GIR?N;Municipio;-73,166832;7,070432;
68;SANTANDER;68318;GUACA;Municipio;-72,856322;6,876563;
68;SANTANDER;68320;GUADALUPE;Municipio;-73,419292;6,245847;
68;SANTANDER;68322;GUAPOT?;Municipio;-73,320732;6,308635;
68;SANTANDER;68324;GUAVAT?;Municipio;-73,700906;5,954348;
68;SANTANDER;68327;GöEPSA;Municipio;-73,575146;6,025013;
68;SANTANDER;68344;HATO;Municipio;-73,308399;6,543957;
68;SANTANDER;68368;JES?S MAR?A;Municipio;-73,783396;5,876497;
68;SANTANDER;68370;JORD?N;Municipio;-73,096053;6,732727;
68;SANTANDER;68377;LA BELLEZA;Municipio;-73,965494;5,85925;
68;SANTANDER;68385;LAND?ZURI;Municipio;-73,811359;6,218812;
68;SANTANDER;68397;LA PAZ;Municipio;-73,58959;6,178509;
68;SANTANDER;68406;LEBRIJA;Municipio;-73,219524;7,113351;
68;SANTANDER;68418;LOS SANTOS;Municipio;-73,102739;6,755203;
68;SANTANDER;68425;MACARAVITA;Municipio;-72,593105;6,50658;
68;SANTANDER;68432;M?LAGA;Municipio;-72,732089;6,703081;
68;SANTANDER;68444;MATANZA;Municipio;-73,015566;7,323175;
68;SANTANDER;68464;MOGOTES;Municipio;-72,969807;6,475246;
68;SANTANDER;68468;MOLAGAVITA;Municipio;-72,809175;6,67432;
68;SANTANDER;68498;OCAMONTE;Municipio;-73,122563;6,339988;
68;SANTANDER;68500;OIBA;Municipio;-73,299791;6,26521;
68;SANTANDER;68502;ONZAGA;Municipio;-72,816766;6,344104;
68;SANTANDER;68522;PALMAR;Municipio;-73,29109;6,537789;
68;SANTANDER;68524;PALMAS DEL SOCORRO;Municipio;-73,287764;6,406139;
68;SANTANDER;68533;P?RAMO;Municipio;-73,17022;6,416811;
68;SANTANDER;68547;PIEDECUESTA;Municipio;-73,054795;6,997245;
68;SANTANDER;68549;PINCHOTE;Municipio;-73,174209;6,531552;
68;SANTANDER;68572;PUENTE NACIONAL;Municipio;-73,677567;5,878381;
68;SANTANDER;68573;PUERTO PARRA;Municipio;-74,056129;6,650785;
68;SANTANDER;68575;PUERTO WILCHES;Municipio;-73,899909;7,344057;
68;SANTANDER;68615;RIONEGRO;Municipio;-73,150177;7,265014;
68;SANTANDER;68655;SABANA DE TORRES;Municipio;-73,49906;7,391919;
68;SANTANDER;68669;SAN ANDRêS;Municipio;-72,848864;6,811511;
68;SANTANDER;68673;SAN BENITO;Municipio;-73,50907;6,126656;
68;SANTANDER;68679;SAN GIL;Municipio;-73,134776;6,551952;
68;SANTANDER;68682;SAN JOAQU?N;Municipio;-72,867638;6,427548;
68;SANTANDER;68684;SAN JOSê DE MIRANDA;Municipio;-72,733616;6,658995;
68;SANTANDER;68686;SAN MIGUEL;Municipio;-72,644123;6,575315;
68;SANTANDER;68689;SAN VICENTE DE CHUCUR?;Municipio;-73,411024;6,880383;
68;SANTANDER;68705;SANTA B?RBARA;Municipio;-72,907445;6,990996;
68;SANTANDER;68720;SANTA HELENA DEL OP?N;Municipio;-73,616716;6,339565;
68;SANTANDER;68745;SIMACOTA;Municipio;-73,337368;6,443469;
68;SANTANDER;68755;SOCORRO;Municipio;-73,261198;6,46387;
68;SANTANDER;68770;SUAITA;Municipio;-73,44165;6,101329;
68;SANTANDER;68773;SUCRE;Municipio;-73,790975;5,918743;
68;SANTANDER;68780;SURAT?;Municipio;-72,984232;7,36658;
68;SANTANDER;68820;TONA;Municipio;-72,967023;7,201417;
68;SANTANDER;68855;VALLE DE SAN JOSê;Municipio;-73,143507;6,448028;
68;SANTANDER;68861;VêLEZ;Municipio;-73,672447;6,009275;
68;SANTANDER;68867;VETAS;Municipio;-72,871041;7,30981;
68;SANTANDER;68872;VILLANUEVA;Municipio;-73,174307;6,670078;
68;SANTANDER;68895;ZAPATOCA;Municipio;-73,268034;6,814387;
70;SUCRE;70001;SINCELEJO;Municipio;-75,395445;9,302322;
70;SUCRE;70110;BUENAVISTA;Municipio;-74,972827;9,319794;
70;SUCRE;70124;CAIMITO;Municipio;-75,117141;8,789324;
70;SUCRE;70204;COLOS?;Municipio;-75,353256;9,494192;
70;SUCRE;70215;COROZAL;Municipio;-75,293048;9,318749;
70;SUCRE;70221;COVE•AS;Municipio;-75,680158;9,402779;
70;SUCRE;70230;CHAL?N;Municipio;-75,312697;9,545352;
70;SUCRE;70233;EL ROBLE;Municipio;-75,198378;9,100647;
70;SUCRE;70235;GALERAS;Municipio;-75,04959;9,160379;
70;SUCRE;70265;GUARANDA;Municipio;-74,537749;8,468556;
70;SUCRE;70400;LA UNI?N;Municipio;-75,276056;8,853975;
70;SUCRE;70418;LOS PALMITOS;Municipio;-75,268716;9,380269;
70;SUCRE;70429;MAJAGUAL;Municipio;-74,628077;8,541163;
70;SUCRE;70473;MORROA;Municipio;-75,305949;9,331395;
70;SUCRE;70508;OVEJAS;Municipio;-75,229037;9,527176;
70;SUCRE;70523;PALMITO;Municipio;-75,541264;9,333157;
70;SUCRE;70670;SAMPUêS;Municipio;-75,380222;9,183193;
70;SUCRE;70678;SAN BENITO ABAD;Municipio;-75,031089;8,930108;
70;SUCRE;70702;SAN JUAN DE BETULIA;Municipio;-75,243565;9,273066;
70;SUCRE;70708;SAN MARCOS;Municipio;-75,133831;8,661774;
70;SUCRE;70713;SAN ONOFRE;Municipio;-75,522398;9,736955;
70;SUCRE;70717;SAN PEDRO;Municipio;-75,063647;9,39625;
70;SUCRE;70742;SAN LUIS DE SINCê;Municipio;-75,145999;9,244308;
70;SUCRE;70771;SUCRE;Municipio;-74,723175;8,811737;
70;SUCRE;70820;SANTIAGO DE TOL?;Municipio;-75,581112;9,525387;
70;SUCRE;70823;SAN JOSê DE TOLUVIEJO;Municipio;-75,44085;9,451819;
73;TOLIMA;73001;IBAGUê;Municipio;-75,19425;4,432248;
73;TOLIMA;73024;ALPUJARRA;Municipio;-74,9329;3,391548;
73;TOLIMA;73026;ALVARADO;Municipio;-74,953418;4,567356;
73;TOLIMA;73030;AMBALEMA;Municipio;-74,764429;4,782682;
73;TOLIMA;73043;ANZO?TEGUI;Municipio;-75,093772;4,631756;
73;TOLIMA;73055;ARMERO;Municipio;-74,884438;5,030744;
73;TOLIMA;73067;ATACO;Municipio;-75,382545;3,590591;
73;TOLIMA;73124;CAJAMARCA;Municipio;-75,431971;4,438812;
73;TOLIMA;73148;CARMEN DE APICAL?;Municipio;-74,717633;4,152334;
73;TOLIMA;73152;CASABIANCA;Municipio;-75,120966;5,078465;
73;TOLIMA;73168;CHAPARRAL;Municipio;-75,480765;3,722918;
73;TOLIMA;73200;COELLO;Municipio;-74,898464;4,287276;
73;TOLIMA;73217;COYAIMA;Municipio;-75,193862;3,798036;
73;TOLIMA;73226;CUNDAY;Municipio;-74,692227;4,059259;
73;TOLIMA;73236;DOLORES;Municipio;-74,896761;3,539072;
73;TOLIMA;73268;ESPINAL;Municipio;-74,885446;4,151314;
73;TOLIMA;73270;FALAN;Municipio;-74,953007;5,123104;
73;TOLIMA;73275;FLANDES;Municipio;-74,818763;4,276373;
73;TOLIMA;73283;FRESNO;Municipio;-75,035722;5,153576;
73;TOLIMA;73319;GUAMO;Municipio;-74,968135;4,030992;
73;TOLIMA;73347;HERVEO;Municipio;-75,177151;5,080228;
73;TOLIMA;73349;HONDA;Municipio;-74,75699;5,211816;
73;TOLIMA;73352;ICONONZO;Municipio;-74,531969;4,176487;
73;TOLIMA;73408;LêRIDA;Municipio;-74,910716;4,862046;
73;TOLIMA;73411;L?BANO;Municipio;-75,061959;4,92042;
73;TOLIMA;73443;SAN SEBASTI?N DE MARIQUITA;Municipio;-74,889276;5,199708;
73;TOLIMA;73449;MELGAR;Municipio;-74,641317;4,203655;
73;TOLIMA;73461;MURILLO;Municipio;-75,171022;4,874341;
73;TOLIMA;73483;NATAGAIMA;Municipio;-75,093182;3,624324;
73;TOLIMA;73504;ORTEGA;Municipio;-75,222601;3,934916;
73;TOLIMA;73520;PALOCABILDO;Municipio;-75,022167;5,120918;
73;TOLIMA;73547;PIEDRAS;Municipio;-74,878106;4,543951;
73;TOLIMA;73555;PLANADAS;Municipio;-75,644163;3,197911;
73;TOLIMA;73563;PRADO;Municipio;-74,927447;3,750939;
73;TOLIMA;73585;PURIFICACI?N;Municipio;-74,935555;3,857246;
73;TOLIMA;73616;RIOBLANCO;Municipio;-75,644069;3,529932;
73;TOLIMA;73622;RONCESVALLES;Municipio;-75,605959;4,011567;
73;TOLIMA;73624;ROVIRA;Municipio;-75,240648;4,239019;
73;TOLIMA;73671;SALDA•A;Municipio;-75,016852;3,929815;
73;TOLIMA;73675;SAN ANTONIO;Municipio;-75,480074;3,914146;
73;TOLIMA;73678;SAN LUIS;Municipio;-75,095804;4,133721;
73;TOLIMA;73686;SANTA ISABEL;Municipio;-75,097934;4,713606;
73;TOLIMA;73770;SU?REZ;Municipio;-74,831885;4,048891;
73;TOLIMA;73854;VALLE DE SAN JUAN;Municipio;-75,115669;4,197494;
73;TOLIMA;73861;VENADILLO;Municipio;-74,929333;4,717878;
73;TOLIMA;73870;VILLAHERMOSA;Municipio;-75,117729;5,030452;
73;TOLIMA;73873;VILLARRICA;Municipio;-74,600285;3,936902;
76;VALLE DEL CAUCA;76001;SANTIAGO DE CALI;Municipio;-76,52133;3,413686;
76;VALLE DEL CAUCA;76020;ALCAL?;Municipio;-75,779792;4,674994;
76;VALLE DEL CAUCA;76036;ANDALUC?A;Municipio;-76,167925;4,171713;
76;VALLE DEL CAUCA;76041;ANSERMANUEVO;Municipio;-75,992003;4,794984;
76;VALLE DEL CAUCA;76054;ARGELIA;Municipio;-76,119905;4,726945;
76;VALLE DEL CAUCA;76100;BOL?VAR;Municipio;-76,183583;4,337846;
76;VALLE DEL CAUCA;76109;BUENAVENTURA;Municipio;-77,01074;3,875708;
76;VALLE DEL CAUCA;76111;GUADALAJARA DE BUGA;Municipio;-76,298979;3,900736;
76;VALLE DEL CAUCA;76113;BUGALAGRANDE;Municipio;-76,15682;4,208358;
76;VALLE DEL CAUCA;76122;CAICEDONIA;Municipio;-75,830594;4,334808;
76;VALLE DEL CAUCA;76126;CALIMA;Municipio;-76,484132;3,933664;
76;VALLE DEL CAUCA;76130;CANDELARIA;Municipio;-76,346519;3,408354;
76;VALLE DEL CAUCA;76147;CARTAGO;Municipio;-75,924374;4,742192;
76;VALLE DEL CAUCA;76233;DAGUA;Municipio;-76,68886;3,657318;
76;VALLE DEL CAUCA;76243;EL ?GUILA;Municipio;-76,042779;4,906062;
76;VALLE DEL CAUCA;76246;EL CAIRO;Municipio;-76,221611;4,760874;
76;VALLE DEL CAUCA;76248;EL CERRITO;Municipio;-76,311972;3,684229;
76;VALLE DEL CAUCA;76250;EL DOVIO;Municipio;-76,237084;4,510452;
76;VALLE DEL CAUCA;76275;FLORIDA;Municipio;-76,234199;3,324118;
76;VALLE DEL CAUCA;76306;GINEBRA;Municipio;-76,268068;3,724181;
76;VALLE DEL CAUCA;76318;GUACAR?;Municipio;-76,330911;3,761815;
76;VALLE DEL CAUCA;76364;JAMUND?;Municipio;-76,538472;3,258751;
76;VALLE DEL CAUCA;76377;LA CUMBRE;Municipio;-76,56805;3,649268;
76;VALLE DEL CAUCA;76400;LA UNI?N;Municipio;-76,099661;4,533869;
76;VALLE DEL CAUCA;76403;LA VICTORIA;Municipio;-76,036529;4,523603;
76;VALLE DEL CAUCA;76497;OBANDO;Municipio;-75,974709;4,575712;
76;VALLE DEL CAUCA;76520;PALMIRA;Municipio;-76,298846;3,531544;
76;VALLE DEL CAUCA;76563;PRADERA;Municipio;-76,241799;3,419793;
76;VALLE DEL CAUCA;76606;RESTREPO;Municipio;-76,523329;3,821351;
76;VALLE DEL CAUCA;76616;RIOFR?O;Municipio;-76,288313;4,156908;
76;VALLE DEL CAUCA;76622;ROLDANILLO;Municipio;-76,152277;4,413601;
76;VALLE DEL CAUCA;76670;SAN PEDRO;Municipio;-76,228692;3,995073;
76;VALLE DEL CAUCA;76736;SEVILLA;Municipio;-75,931629;4,270714;
76;VALLE DEL CAUCA;76823;TORO;Municipio;-76,076859;4,608085;
76;VALLE DEL CAUCA;76828;TRUJILLO;Municipio;-76,318818;4,212037;
76;VALLE DEL CAUCA;76834;TULU?;Municipio;-76,197731;4,085399;
76;VALLE DEL CAUCA;76845;ULLOA;Municipio;-75,737808;4,703623;
76;VALLE DEL CAUCA;76863;VERSALLES;Municipio;-76,199203;4,575019;
76;VALLE DEL CAUCA;76869;VIJES;Municipio;-76,441804;3,698686;
76;VALLE DEL CAUCA;76890;YOTOCO;Municipio;-76,382698;3,861241;
76;VALLE DEL CAUCA;76892;YUMBO;Municipio;-76,499893;3,540097;
76;VALLE DEL CAUCA;76895;ZARZAL;Municipio;-76,070795;4,392658;
81;ARAUCA;81001;ARAUCA;Municipio;-70,747408;7,072726;
81;ARAUCA;81065;ARAUQUITA;Municipio;-71,426733;7,02702;
81;ARAUCA;81220;CRAVO NORTE;Municipio;-70,204286;6,303913;
81;ARAUCA;81300;FORTUL;Municipio;-71,76877;6,796695;
81;ARAUCA;81591;PUERTO ROND?N;Municipio;-71,10339;6,281461;
81;ARAUCA;81736;SARAVENA;Municipio;-71,872812;6,953926;
81;ARAUCA;81794;TAME;Municipio;-71,754427;6,453324;
85;CASANARE;85001;YOPAL;Municipio;-72,396132;5,327102;
85;CASANARE;85010;AGUAZUL;Municipio;-72,546838;5,172641;
85;CASANARE;85015;CH?MEZA;Municipio;-72,87016;5,214527;
85;CASANARE;85125;HATO COROZAL;Municipio;-71,764213;6,154099;
85;CASANARE;85136;LA SALINA;Municipio;-72,334978;6,127762;
85;CASANARE;85139;MAN?;Municipio;-72,281384;4,81681;
85;CASANARE;85162;MONTERREY;Municipio;-72,894065;4,877017;
85;CASANARE;85225;NUNCH?A;Municipio;-72,195323;5,636474;
85;CASANARE;85230;OROCUê;Municipio;-71,338533;4,790258;
85;CASANARE;85250;PAZ DE ARIPORO;Municipio;-71,890348;5,879827;
85;CASANARE;85263;PORE;Municipio;-71,99286;5,72773;
85;CASANARE;85279;RECETOR;Municipio;-72,760991;5,229181;
85;CASANARE;85300;SABANALARGA;Municipio;-73,038696;4,854787;
85;CASANARE;85315;S?CAMA;Municipio;-72,250157;6,096738;
85;CASANARE;85325;SAN LUIS DE PALENQUE;Municipio;-71,732198;5,422397;
85;CASANARE;85400;T?MARA;Municipio;-72,16165;5,829543;
85;CASANARE;85410;TAURAMENA;Municipio;-72,74662;5,018977;
85;CASANARE;85430;TRINIDAD;Municipio;-71,662812;5,412178;
85;CASANARE;85440;VILLANUEVA;Municipio;-72,927797;4,61035;
86;PUTUMAYO;86001;MOCOA;Municipio;-76,654238;1,151172;
86;PUTUMAYO;86219;COL?N;Municipio;-76,972566;1,190133;
86;PUTUMAYO;86320;ORITO;Municipio;-76,873276;0,663593;
86;PUTUMAYO;86568;PUERTO AS?S;Municipio;-76,496887;0,505627;
86;PUTUMAYO;86569;PUERTO CAICEDO;Municipio;-76,606118;0,687784;
86;PUTUMAYO;86571;PUERTO GUZM?N;Municipio;-76,407663;0,962854;
86;PUTUMAYO;86573;PUERTO LEGU?ZAMO;Municipio;-74,781842;-0,192318;
86;PUTUMAYO;86749;SIBUNDOY;Municipio;-76,917814;1,20026;
86;PUTUMAYO;86755;SAN FRANCISCO;Municipio;-76,879283;1,174194;
86;PUTUMAYO;86757;SAN MIGUEL;Municipio;-76,91217;0,34346;
86;PUTUMAYO;86760;SANTIAGO;Municipio;-77,002641;1,147076;
86;PUTUMAYO;86865;VALLE DEL GUAMUEZ;Municipio;-76,906751;0,423506;
86;PUTUMAYO;86885;VILLAGARZ?N;Municipio;-76,61721;1,028821;
88;ARCHIPIêLAGO DE SAN ANDRêS, PROVIDENCIA Y SANTA CATALINA;88001;SAN ANDRêS;Isla;-81,707181;12,578108;**
88;ARCHIPIêLAGO DE SAN ANDRêS, PROVIDENCIA Y SANTA CATALINA;88564;PROVIDENCIA;Municipio;-81,368386;13,373185;
91;AMAZONAS;91001;LETICIA;Municipio;-69,941721;-4,19895;
91;AMAZONAS;91263;EL ENCANTO;?rea no municipalizada;-73,207114;-1,74806;
91;AMAZONAS;91405;LA CHORRERA;?rea no municipalizada;-72,791889;-1,442617;
91;AMAZONAS;91407;LA PEDRERA;?rea no municipalizada;-69,585499;-1,320301;
91;AMAZONAS;91430;LA VICTORIA;?rea no municipalizada;-71,223208;0,054936;
91;AMAZONAS;91460;MIRIT? - PARAN?;?rea no municipalizada;-70,98893;-0,888833;
91;AMAZONAS;91530;PUERTO ALEGR?A;?rea no municipalizada;-74,014461;-1,005674;
91;AMAZONAS;91536;PUERTO ARICA;?rea no municipalizada;-71,752186;-2,147039;
91;AMAZONAS;91540;PUERTO NARI•O;Municipio;-70,364937;-3,779934;
91;AMAZONAS;91669;PUERTO SANTANDER;?rea no municipalizada;-72,384213;-0,621184;
91;AMAZONAS;91798;TARAPAC?;?rea no municipalizada;-69,741745;-2,890126;
94;GUAIN?A;94001;IN?RIDA;Municipio;-67,918613;3,866764;
94;GUAIN?A;94343;BARRANCOMINAS;Municipio;-69,814066;3,494178;
94;GUAIN?A;94883;SAN FELIPE;?rea no municipalizada;-67,067848;1,912495;
94;GUAIN?A;94884;PUERTO COLOMBIA;?rea no municipalizada;-67,566774;2,726438;
94;GUAIN?A;94885;LA GUADALUPE;?rea no municipalizada;-66,963692;1,632464;
94;GUAIN?A;94886;CACAHUAL;?rea no municipalizada;-67,413312;3,52617;
94;GUAIN?A;94887;PANA PANA;?rea no municipalizada;-69,0099;1,865668;
94;GUAIN?A;94888;MORICHAL;?rea no municipalizada;-69,919404;2,265132;
95;GUAVIARE;95001;SAN JOSê DEL GUAVIARE;Municipio;-72,639254;2,565932;
95;GUAVIARE;95015;CALAMAR;Municipio;-72,655197;1,960982;
95;GUAVIARE;95025;EL RETORNO;Municipio;-72,627304;2,330164;
95;GUAVIARE;95200;MIRAFLORES;Municipio;-71,950416;1,337539;
97;VAUPêS;97001;MIT?;Municipio;-70,232641;1,253151;
97;VAUPêS;97161;CARUR?;Municipio;-71,30221;1,016116;
97;VAUPêS;97511;PACOA;?rea no municipalizada;-71,004339;0,020698;
97;VAUPêS;97666;TARAIRA;Municipio;-69,635497;-0,564984;
97;VAUPêS;97777;PAPUNAHUA;?rea no municipalizada;-70,76091;1,908124;
97;VAUPêS;97889;YAVARATê;?rea no municipalizada;-69,203337;0,609142;
99;VICHADA;99001;PUERTO CARRE•O;Municipio;-67,487095;6,186636;
99;VICHADA;99524;LA PRIMAVERA;Municipio;-70,410515;5,486309;
99;VICHADA;99624;SANTA ROSAL?A;Municipio;-70,859499;5,136393;
99;VICHADA;99773;CUMARIBO;Municipio;-69,795533;4,446352;
;;;;;;;
Fuente: DANE.;;;;;;;
Nota: En la actualidad el pa°s se compone de 1.103 municipios, 18 †reas no municipalizadas y la isla de San AndrÇs.;;;;;;;
Actualizado al 30 de junio de 2025;;;;;;;
;;;;;;;
"* A partir del decreto 0284 del 26 de diciembre de 2023 y de la Ordenanza No. 180 del 27 de junio de 2023, por la cual se crea el municipio de Nuevo BelÇn de Bajir†, segregado del municipio de Riosucio, el Departamento Administrativo Nacional de Estad°stica -DANE- ha incorporado el nuevo municipio y sus centros poblados a la Divipola; una vez el Instituto Geogr†fico Agust°n Codazzi ? IGAC- culmine el proceso de deslinde respectivo y elabore la cartograf°a oficial con esta nueva entidad territorial, el DANE proceder† con la actualizaci¢n del Marco Geoestad°stico Nacional -MGN- y las actualizaciones cartogr†ficas a que haya lugar.";;;;;;;
;;;;;;;
;;;;;;;
** La cabecera municipal de San AndrÇs corresponde a la delimitaci¢n geogr†fica definida por el DANE para fines estad°sticos, alusiva al †rea geogr†fica delimitada por el per°metro censal, aunque en su interior no se localiza la sede administrativa, ya que no se cataloga como municipio. ;;;;;;;
;;;;;;;
;;;;;;;
